"disease_id","disease_name","omim_id"
"DOID:0112248","17-beta hydroxysteroid dehydrogenase 3 deficiency","OMIM:264300"
"DOID:0111453","2-aminoadipic 2-oxoadipic aciduria","OMIM:204750"
"DOID:0110004","3-methylglutaconic aciduria type 3","OMIM:258501"
"DOID:0110001","3-methylglutaconic aciduria with deafness, encephalopathy, and Leigh-like syndrome","OMIM:614739"
"DOID:14221","abdominal obesity-metabolic syndrome 1","OMIM:605552"
"DOID:0050711","aceruloplasminemia","OMIM:604290"
"DOID:9164","achalasia","OMIM:200400"
"DOID:0050603","acheiropody","OMIM:200500"
"DOID:0080054","achondrogenesis type IA","OMIM:200600"
"DOID:0080056","achondrogenesis type II","OMIM:200610"
"DOID:4480","achondroplasia","OMIM:100800"
"DOID:0110007","achromatopsia 2","OMIM:216900"
"DOID:0110008","achromatopsia 3","OMIM:262300"
"DOID:0110010","achromatopsia 4","OMIM:613856"
"DOID:0110009","achromatopsia 7","OMIM:616517"
"DOID:9250","acrocallosal syndrome","OMIM:200990"
"DOID:12960","acrocephalosyndactylia","OMIM:101200"
"DOID:0050605","acrodermatitis enteropathica","OMIM:201100"
"DOID:14669","acrodysostosis","OMIM:101800|OMIM:614613"
"DOID:0080052","acromesomelic dysplasia, Grebe type","OMIM:200700"
"DOID:0080051","acromesomelic dysplasia, Hunter-Thompson type","OMIM:201250"
"DOID:0080050","acromesomelic dysplasia, Maroteaux type","OMIM:602875"
"DOID:7004","ACTH-secreting pituitary adenoma","OMIM:219090"
"DOID:3890","acute intermittent porphyria","OMIM:176000"
"DOID:12603","acute leukemia","OMIM:308960"
"DOID:9952","acute lymphoblastic leukemia","OMIM:247640|OMIM:613065"
"DOID:9119","acute myeloid leukemia","OMIM:601626"
"DOID:0060318","acute promyelocytic leukemia","OMIM:612376"
"DOID:0060227","Adams-Oliver syndrome","OMIM:100300|OMIM:614219|OMIM:615297|OMIM:616028"
"DOID:0060350","adenine phosphoribosyltransferase deficiency","OMIM:614723"
"DOID:5810","adenosine deaminase deficiency","OMIM:102700"
"DOID:0080150","adrenocorticotropic hormone deficiency","OMIM:201400"
"DOID:10588","adrenoleukodystrophy","OMIM:300100"
"DOID:0110913","adult hypophosphatasia","OMIM:146300"
"DOID:0080093","adult-onset myofibrillar myopathy 2A","OMIM:608810"
"DOID:0110011","advanced sleep phase syndrome 1","OMIM:604348"
"DOID:0110012","advanced sleep phase syndrome 2","OMIM:615224"
"DOID:0090003","agenesis of the corpus callosum with peripheral neuropathy","OMIM:218000"
"DOID:0110014","age related macular degeneration 1","OMIM:603075"
"DOID:0110024","age related macular degeneration 12","OMIM:613784"
"DOID:0110017","age related macular degeneration 4","OMIM:610698"
"DOID:1474","aggressive periodontitis","OMIM:170650|OMIM:608526"
"DOID:0060341","agnathia-otocephaly complex","OMIM:202650"
"DOID:0050629","Aicardi-Goutieres syndrome","OMIM:225750|OMIM:610181|OMIM:610329|OMIM:610333|OMIM:612952|OMIM:615010|OMIM:615846"
"DOID:0112321","alacrima, achalasia, and impaired intellectual development syndrome","OMIM:615510"
"DOID:9245","Alagille syndrome","OMIM:118450|OMIM:610205"
"DOID:0050741","alcohol dependence","OMIM:103780"
"DOID:4252","Alexander disease","OMIM:203450"
"DOID:9270","alkaptonuria","OMIM:203500"
"DOID:0050631","Allan-Herndon-Dudley syndrome","OMIM:300523"
"DOID:986","alopecia areata","OMIM:104000|OMIM:610753"
"DOID:0050634","alopecia universalis","OMIM:203655"
"DOID:13372","alpha 1-antitrypsin deficiency","OMIM:613490"
"DOID:0060601","alpha-2-plasmin inhibitor deficiency","OMIM:262850"
"DOID:3413","alpha-mannosidosis","OMIM:248500"
"DOID:0060602","alpha-methylacyl-CoA racemase deficiency","OMIM:614307"
"DOID:1099","alpha thalassemia","OMIM:604131"
"DOID:0110030","alpha thalassemia-X-linked intellectual disability syndrome","OMIM:301040"
"DOID:0050473","Alstrom syndrome","OMIM:203800"
"DOID:0050635","alternating hemiplegia of childhood","OMIM:104290|OMIM:614820"
"DOID:0110042","Alzheimers disease 3","OMIM:607822"
"DOID:0110040","Alzheimers disease 4","OMIM:606889"
"DOID:0111060","Ambras type hypertrichosis universalis congenita","OMIM:145701"
"DOID:0110060","amelogenesis imperfecta hypomaturation type 2A2","OMIM:612529"
"DOID:0110061","amelogenesis imperfecta hypomaturation type 2A3","OMIM:613211"
"DOID:0110052","amelogenesis imperfecta type 1B","OMIM:104500"
"DOID:0110058","amelogenesis imperfecta type 1E","OMIM:301200"
"DOID:0111722","amelogenesis imperfecta type 3C","OMIM:618386"
"DOID:0060193","amyotrophic lateral sclerosis type 1","OMIM:105400"
"DOID:0060201","amyotrophic lateral sclerosis type 10","OMIM:612069"
"DOID:0060206","amyotrophic lateral sclerosis type 15","OMIM:300857"
"DOID:0060212","amyotrophic lateral sclerosis type 21","OMIM:606070"
"DOID:0080225","amyotrophic lateral sclerosis type 23","OMIM:617839"
"DOID:0060196","amyotrophic lateral sclerosis type 4","OMIM:602433"
"DOID:0060198","amyotrophic lateral sclerosis type 6","OMIM:608030"
"DOID:0050752","amyotrophic lateral sclerosis type 8","OMIM:608627"
"DOID:0050801","androgenic alopecia","OMIM:109200|OMIM:300710|OMIM:612421"
"DOID:4674","androgen insensitivity syndrome","OMIM:300068"
"DOID:0060668","anencephaly","OMIM:206500"
"DOID:1932","Angelman syndrome","OMIM:105830"
"DOID:0090119","ankyloblepharon-ectodermal defects-cleft lip/palate syndrome","OMIM:106260"
"DOID:0060604","ankyloglossia","OMIM:106280"
"DOID:0111700","ankyrin-B-related cardiac arrhythmia","OMIM:600919"
"DOID:0060850","annular pancreas","OMIM:167750"
"DOID:3755","antithrombin III deficiency","OMIM:613118"
"DOID:2030","anxiety disorder","OMIM:607834"
"DOID:12449","aplastic anemia","OMIM:609135"
"DOID:14755","argininosuccinic aciduria","OMIM:207900"
"DOID:0090122","aromatase excess syndrome","OMIM:139300"
"DOID:0090123","aromatic L-amino acid decarboxylase deficiency","OMIM:608643"
"DOID:0110081","arrhythmogenic right ventricular dysplasia 10","OMIM:610193"
"DOID:0110083","arrhythmogenic right ventricular dysplasia 12","OMIM:611528"
"DOID:0110074","arrhythmogenic right ventricular dysplasia 5","OMIM:604400"
"DOID:0110076","arrhythmogenic right ventricular dysplasia 8","OMIM:607450"
"DOID:0110077","arrhythmogenic right ventricular dysplasia 9","OMIM:609040"
"DOID:0050644","arterial calcification of infancy","OMIM:208000|OMIM:614473"
"DOID:0050645","arterial tortuosity syndrome","OMIM:208050"
"DOID:0060688","arteriovenous malformations of the brain","OMIM:108010"
"DOID:0050461","aspartylglucosaminuria","OMIM:208400"
"DOID:0110085","asphyxiating thoracic dystrophy 1","OMIM:208500"
"DOID:0110086","asphyxiating thoracic dystrophy 2","OMIM:611263"
"DOID:0110087","asphyxiating thoracic dystrophy 3","OMIM:613091"
"DOID:2841","asthma","OMIM:600807"
"DOID:12704","ataxia telangiectasia","OMIM:208900"
"DOID:0050682","Athabaskan brainstem dysgenesis syndrome","OMIM:601536"
"DOID:3310","atopic dermatitis","OMIM:603165"
"DOID:0110098","atopic dermatitis 2","OMIM:605803"
"DOID:0050649","atransferrinemia","OMIM:209300"
"DOID:0110106","atrial heart septal defect 1","OMIM:108800"
"DOID:0110107","atrial heart septal defect 2","OMIM:607941"
"DOID:0110112","atrial heart septal defect 7","OMIM:108900"
"DOID:0060689","atrichia with papular lesions","OMIM:209500"
"DOID:0050651","atrioventricular septal defect","OMIM:606215|OMIM:614430|OMIM:614474"
"DOID:1094","attention deficit hyperactivity disorder","OMIM:143465|OMIM:608903|OMIM:608904|OMIM:608905|OMIM:608906|OMIM:612311|OMIM:612312"
"DOID:12849","autistic disorder","OMIM:209850"
"DOID:417","autoimmune disease","OMIM:109100"
"DOID:718","autoimmune hemolytic anemia","OMIM:205700"
"DOID:0081242","autoimmune interstitial lung, joint, and kidney disease","OMIM:616414"
"DOID:6688","autoimmune lymphoproliferative syndrome","OMIM:601859"
"DOID:0110116","autoimmune lymphoproliferative syndrome type 2B","OMIM:607271"
"DOID:0050167","autoimmune polyendocrine syndrome type 1","OMIM:240300"
"DOID:0060690","autosomal dominant auditory neuropathy 1","OMIM:609129"
"DOID:0080720","autosomal dominant congenital deafness with onychodystrophy","OMIM:124480"
"DOID:0111206","autosomal dominant distal hereditary motor neuronopathy 2","OMIM:158590"
"DOID:0080224","autosomal dominant dystrophic epidermolysis bullosa","OMIM:131750"
"DOID:0090107","autosomal dominant hypocalcemia 1","OMIM:601198"
"DOID:0090108","autosomal dominant hypocalcemia 2","OMIM:615361"
"DOID:0050948","autosomal dominant hypophosphatemic rickets","OMIM:193100"
"DOID:0070056","autosomal dominant intellectual developmental disorder 26","OMIM:615834"
"DOID:0070068","autosomal dominant intellectual developmental disorder 38","OMIM:616393"
"DOID:0070069","autosomal dominant intellectual developmental disorder 39","OMIM:616521"
"DOID:0070037","autosomal dominant intellectual developmental disorder 7","OMIM:614104"
"DOID:0060871","autosomal dominant keratitis-ichthyosis-deafness syndrome","OMIM:148210"
"DOID:0110305","autosomal dominant limb-girdle muscular dystrophy type 1","OMIM:603511"
"DOID:0060684","autosomal dominant nocturnal frontal lobe epilepsy 3","OMIM:605375"
"DOID:0110544","autosomal dominant nonsyndromic deafness 12","OMIM:601543"
"DOID:0110545","autosomal dominant nonsyndromic deafness 13","OMIM:601868"
"DOID:0110546","autosomal dominant nonsyndromic deafness 15","OMIM:602459"
"DOID:0110552","autosomal dominant nonsyndromic deafness 22","OMIM:606346"
"DOID:0110555","autosomal dominant nonsyndromic deafness 25","OMIM:605583"
"DOID:0110563","autosomal dominant nonsyndromic deafness 36","OMIM:606705"
"DOID:0110567","autosomal dominant nonsyndromic deafness 41","OMIM:608224"
"DOID:0110573","autosomal dominant nonsyndromic deafness 4A","OMIM:600652"
"DOID:0110588","autosomal dominant nonsyndromic deafness 67","OMIM:616340"
"DOID:0110593","autosomal dominant nonsyndromic deafness 9","OMIM:601369"
"DOID:0110938","autosomal dominant osteopetrosis 2","OMIM:166600"
"DOID:0111520","autosomal dominant progressive external ophthalmoplegia with mitochondrial DNA deletions 3","OMIM:609286"
"DOID:0060855","autosomal dominant pseudohypoaldosteronism type 1","OMIM:177735"
"DOID:0110033","autosomal recessive Alport syndrome","OMIM:203780"
"DOID:0060656","autosomal recessive congenital ichthyosis 1","OMIM:242300"
"DOID:0060719","autosomal recessive congenital ichthyosis 10","OMIM:615024"
"DOID:0080257","autosomal recessive congenital ichthyosis 13","OMIM:617574"
"DOID:0060713","autosomal recessive congenital ichthyosis 4B","OMIM:242500"
"DOID:0111064","autosomal recessive distal hereditary motor neuronopathy 1","OMIM:604320"
"DOID:0090105","autosomal recessive hypercholesterolemia","OMIM:603813"
"DOID:0050949","autosomal recessive hypophosphatemic rickets","OMIM:241520|OMIM:613312"
"DOID:0081206","autosomal recessive intellectual developmental disorder 41","OMIM:615637"
"DOID:0111149","autosomal recessive isolated ectopia lentis 2","OMIM:225100"
"DOID:0110275","autosomal recessive limb-girdle muscular dystrophy type 2A","OMIM:253600"
"DOID:0110276","autosomal recessive limb-girdle muscular dystrophy type 2B","OMIM:253601"
"DOID:0110277","autosomal recessive limb-girdle muscular dystrophy type 2C","OMIM:253700"
"DOID:0110278","autosomal recessive limb-girdle muscular dystrophy type 2D","OMIM:608099"
"DOID:0110279","autosomal recessive limb-girdle muscular dystrophy type 2E","OMIM:604286"
"DOID:0110280","autosomal recessive limb-girdle muscular dystrophy type 2F","OMIM:601287"
"DOID:0110281","autosomal recessive limb-girdle muscular dystrophy type 2G","OMIM:601954"
"DOID:0110282","autosomal recessive limb-girdle muscular dystrophy type 2H","OMIM:254110"
"DOID:0110299","autosomal recessive limb-girdle muscular dystrophy type 2I","OMIM:607155"
"DOID:0110283","autosomal recessive limb-girdle muscular dystrophy type 2J","OMIM:608807"
"DOID:0110284","autosomal recessive limb-girdle muscular dystrophy type 2L","OMIM:611307"
"DOID:0110293","autosomal recessive limb-girdle muscular dystrophy type 2P","OMIM:613818"
"DOID:0110295","autosomal recessive limb-girdle muscular dystrophy type 2U","OMIM:616052"
"DOID:0050565","autosomal recessive nonsyndromic deafness","OMIM:607197"
"DOID:0111640","autosomal recessive nonsyndromic deafness 111","OMIM:618145"
"DOID:0110467","autosomal recessive nonsyndromic deafness 12","OMIM:601386"
"DOID:0110471","autosomal recessive nonsyndromic deafness 16","OMIM:603720"
"DOID:0110473","autosomal recessive nonsyndromic deafness 18A","OMIM:602092"
"DOID:0110474","autosomal recessive nonsyndromic deafness 18B","OMIM:614945"
"DOID:0110475","autosomal recessive nonsyndromic deafness 1A","OMIM:220290"
"DOID:0110477","autosomal recessive nonsyndromic deafness 2","OMIM:600060"
"DOID:0110480","autosomal recessive nonsyndromic deafness 22","OMIM:607039"
"DOID:0110481","autosomal recessive nonsyndromic deafness 23","OMIM:609533"
"DOID:0110486","autosomal recessive nonsyndromic deafness 28","OMIM:609823"
"DOID:0110487","autosomal recessive nonsyndromic deafness 29","OMIM:614035"
"DOID:0110488","autosomal recessive nonsyndromic deafness 3","OMIM:600316"
"DOID:0110489","autosomal recessive nonsyndromic deafness 30","OMIM:607101"
"DOID:0110490","autosomal recessive nonsyndromic deafness 31","OMIM:607084"
"DOID:0110491","autosomal recessive nonsyndromic deafness 32","OMIM:608653"
"DOID:0110495","autosomal recessive nonsyndromic deafness 37","OMIM:607821"
"DOID:0110496","autosomal recessive nonsyndromic deafness 38","OMIM:608219"
"DOID:0110497","autosomal recessive nonsyndromic deafness 39","OMIM:608265"
"DOID:0110500","autosomal recessive nonsyndromic deafness 42","OMIM:609646"
"DOID:0110505","autosomal recessive nonsyndromic deafness 48","OMIM:609439"
"DOID:0110506","autosomal recessive nonsyndromic deafness 49","OMIM:610153"
"DOID:0110511","autosomal recessive nonsyndromic deafness 59","OMIM:610220"
"DOID:0110515","autosomal recessive nonsyndromic deafness 63","OMIM:611451"
"DOID:0110519","autosomal recessive nonsyndromic deafness 68","OMIM:610419"
"DOID:0110520","autosomal recessive nonsyndromic deafness 7","OMIM:600974"
"DOID:0110523","autosomal recessive nonsyndromic deafness 74","OMIM:613718"
"DOID:0110526","autosomal recessive nonsyndromic deafness 79","OMIM:613307"
"DOID:0110533","autosomal recessive nonsyndromic deafness 88","OMIM:615429"
"DOID:0110535","autosomal recessive nonsyndromic deafness 9","OMIM:601071"
"DOID:0110537","autosomal recessive nonsyndromic deafness 93","OMIM:614899"
"DOID:0110942","autosomal recessive osteopetrosis 1","OMIM:259700"
"DOID:0110943","autosomal recessive osteopetrosis 2","OMIM:259710"
"DOID:0110941","autosomal recessive osteopetrosis 3","OMIM:259730"
"DOID:0110944","autosomal recessive osteopetrosis 4","OMIM:611490"
"DOID:0110939","autosomal recessive osteopetrosis 5","OMIM:259720"
"DOID:0110945","autosomal recessive osteopetrosis 6","OMIM:611497"
"DOID:0110940","autosomal recessive osteopetrosis 8","OMIM:615085"
"DOID:0060854","autosomal recessive pseudohypoaldosteronism type 1","OMIM:264350"
"DOID:0060764","autosomal recessive Robinow syndrome","OMIM:268310"
"DOID:0080060","autosomal recessive spinocerebellar ataxia 12","OMIM:614322"
"DOID:0080062","autosomal recessive spinocerebellar ataxia 13","OMIM:614831"
"DOID:0080029","autosomal recessive spinocerebellar ataxia 16","OMIM:615768"
"DOID:0080042","autosomal recessive spinocerebellar ataxia 18","OMIM:616204"
"DOID:0110120","Axenfeld-Rieger syndrome type 1","OMIM:180500"
"DOID:0110122","Axenfeld-Rieger syndrome type 3","OMIM:602482"
"DOID:0050655","Bamforth-Lazarus syndrome","OMIM:241850"
"DOID:0110123","Bardet-Biedl syndrome 1","OMIM:209900"
"DOID:0110132","Bardet-Biedl syndrome 10","OMIM:615987"
"DOID:0110138","Bardet-Biedl syndrome 16","OMIM:615993"
"DOID:0110139","Bardet-Biedl syndrome 17","OMIM:615994"
"DOID:0110140","Bardet-Biedl syndrome 18","OMIM:615995"
"DOID:0110124","Bardet-Biedl syndrome 2","OMIM:615981"
"DOID:0110125","Bardet-Biedl syndrome 3","OMIM:600151"
"DOID:0110126","Bardet-Biedl syndrome 4","OMIM:615982"
"DOID:0110127","Bardet-Biedl syndrome 5","OMIM:615983"
"DOID:0110128","Bardet-Biedl syndrome 6","OMIM:605231"
"DOID:0110130","Bardet-Biedl syndrome 8","OMIM:615985"
"DOID:9206","Barretts esophagus","OMIM:614266"
"DOID:0050476","Barth syndrome","OMIM:302060"
"DOID:0110142","Bartter disease type 1","OMIM:601678"
"DOID:0110143","Bartter disease type 2","OMIM:241200"
"DOID:0110144","Bartter disease type 3","OMIM:607364"
"DOID:0110145","Bartter disease type 4a","OMIM:602522"
"DOID:0060230","basal ganglia calcification","OMIM:114100|OMIM:213600|OMIM:615007|OMIM:615483"
"DOID:0050660","Beare-Stevenson cutis gyrata syndrome","OMIM:123790"
"DOID:9883","Becker muscular dystrophy","OMIM:300376"
"DOID:5572","Beckwith-Wiedemann syndrome","OMIM:130650"
"DOID:14264","benign neonatal seizures","OMIM:121200|OMIM:121201|OMIM:269720"
"DOID:2217","Bernard-Soulier syndrome","OMIM:231200"
"DOID:0050662","bestrophinopathy","OMIM:611809"
"DOID:3633","beta-mannosidosis","OMIM:248510"
"DOID:12241","beta thalassemia","OMIM:613985"
"DOID:0050663","Bethlem myopathy","OMIM:158810"
"DOID:0090106","BH4-deficient hyperphenylalaninemia A","OMIM:261640"
"DOID:0112225","BH4-deficient hyperphenylalaninemia B","OMIM:233910"
"DOID:0050664","Bietti crystalline corneoretinal dystrophy","OMIM:210370"
"DOID:13608","biliary atresia","OMIM:210500"
"DOID:856","biotinidase deficiency","OMIM:253260"
"DOID:0050659","biotin-responsive basal ganglia disease","OMIM:607483"
"DOID:0111079","birdshot chorioretinopathy","OMIM:605808"
"DOID:0050676","Birt-Hogg-Dube syndrome","OMIM:135150"
"DOID:0080174","bladder exstrophy","OMIM:600057"
"DOID:14778","blepharophimosis, ptosis, and epicanthus inversus syndrome","OMIM:110100"
"DOID:12305","Bloch-Sulzberger syndrome","OMIM:308300"
"DOID:2717","Bloom syndrome","OMIM:210900"
"DOID:0050679","blue cone monochromacy","OMIM:303700"
"DOID:0050681","Borjeson-Forssman-Lehmann syndrome","OMIM:301900"
"DOID:0112226","Bosch-Boonstra-Schaaf optic atrophy syndrome","OMIM:615722"
"DOID:0050683","Bothnia retinal dystrophy","OMIM:607475"
"DOID:0050684","Bowen-Conradi syndrome","OMIM:211180"
"DOID:0110964","brachydactyly type A1","OMIM:112500"
"DOID:0110977","brachydactyly type A1C","OMIM:615072"
"DOID:0110965","brachydactyly type A2","OMIM:112600"
"DOID:0110970","brachydactyly type C","OMIM:113100"
"DOID:0090143","brachyolmia-amelogenesis imperfecta syndrome","OMIM:601216"
"DOID:0090125","brain small vessel disease 1","OMIM:175780"
"DOID:0090126","branched-chain keto acid dehydrogenase kinase deficiency","OMIM:614923"
"DOID:1612","breast cancer","OMIM:114480"
"DOID:14775","brittle cornea syndrome 1","OMIM:229200"
"DOID:0060231","Bruck syndrome","OMIM:259450|OMIM:609220"
"DOID:0110218","Brugada syndrome 1","OMIM:601144"
"DOID:0110224","Brugada syndrome 7","OMIM:613120"
"DOID:0060693","Brunner Syndrome","OMIM:300615"
"DOID:0060877","bullous congenital ichthyosiform erythroderma","OMIM:146800"
"DOID:11211","buphthalmos","OMIM:231300"
"DOID:8584","Burkitt lymphoma","OMIM:113970"
"DOID:0111035","CADASIL 1","OMIM:125310"
"DOID:0050463","campomelic dysplasia","OMIM:114290"
"DOID:4997","Camurati-Engelmann disease","OMIM:131300|OMIM:606631"
"DOID:3613","Canavan disease","OMIM:271900"
"DOID:9280","carbamoyl phosphate synthetase I deficiency disease","OMIM:237300"
"DOID:0061116","Carey-Fineman-Ziter syndrome 2","OMIM:619941"
"DOID:0050471","Carney complex","OMIM:160980|OMIM:605244|OMIM:608837"
"DOID:0090129","carnitine palmitoyltransferase I deficiency","OMIM:255120"
"DOID:0061098","Carpenter syndrome 1","OMIM:201000"
"DOID:0090128","Carvajal syndrome","OMIM:605676"
"DOID:83","cataract","OMIM:601371"
"DOID:0110258","cataract 10 multiple types","OMIM:600881"
"DOID:0110253","cataract 14 multiple types","OMIM:601885"
"DOID:0110251","cataract 15 multiple types","OMIM:615274"
"DOID:0110250","cataract 16 multiple types","OMIM:613763"
"DOID:0110263","cataract 19 multiple types","OMIM:615277"
"DOID:0110231","cataract 1 multiple types","OMIM:116200"
"DOID:0110240","cataract 20 multiple types","OMIM:116100"
"DOID:0110256","cataract 21 multiple types","OMIM:610202"
"DOID:0110235","cataract 2 multiple types","OMIM:604307"
"DOID:0110248","cataract 30","OMIM:116300"
"DOID:0110236","cataract 39 multiple types","OMIM:615188"
"DOID:0110269","cataract 3 multiple types","OMIM:601547"
"DOID:0110234","cataract 4 multiple types","OMIM:115700"
"DOID:0110255","cataract 5 multiple types","OMIM:116800"
"DOID:0110229","cataract 6 multiple types","OMIM:116600"
"DOID:0110266","cataract 9 multiple types","OMIM:604219"
"DOID:0060675","catecholaminergic polymorphic ventricular tachycardia 1","OMIM:604772"
"DOID:0060676","catecholaminergic polymorphic ventricular tachycardia 2","OMIM:611938"
"DOID:0081122","Catel Manzke syndrome","OMIM:616145"
"DOID:0060694","Cayman type cerebellar ataxia","OMIM:601238"
"DOID:0060337","CEDNIK syndrome","OMIM:609528"
"DOID:0081030","central conducting lymphatic anomaly","OMIM:617300"
"DOID:0112309","central precocious puberty 2","OMIM:615346"
"DOID:0111742","cerebellar ataxia type 42","OMIM:616795"
"DOID:0060670","cerebral cavernous malformation 2","OMIM:603284"
"DOID:0060671","cerebral cavernous malformation 3","OMIM:603285"
"DOID:0050800","cerebral creatine deficiency syndrome 1","OMIM:300352"
"DOID:0111248","cerebrocostomandibular syndrome","OMIM:117650"
"DOID:0050729","Chanarin-Dorfman syndrome","OMIM:275630"
"DOID:0110163","Charcot-Marie-Tooth disease axonal type 2F","OMIM:606595"
"DOID:0110167","Charcot-Marie-Tooth disease axonal type 2K","OMIM:607831"
"DOID:0110175","Charcot-Marie-Tooth disease axonal type 2O","OMIM:614228"
"DOID:0110169","Charcot-Marie-Tooth disease axonal type 2P","OMIM:614436"
"DOID:0110170","Charcot-Marie-Tooth disease axonal type 2Q","OMIM:615025"
"DOID:0110171","Charcot-Marie-Tooth disease axonal type 2S","OMIM:616155"
"DOID:0110181","Charcot-Marie-Tooth disease axonal type 2Z","OMIM:616688"
"DOID:0110199","Charcot-Marie-Tooth disease dominant intermediate C","OMIM:608323"
"DOID:0110203","Charcot-Marie-Tooth disease recessive intermediate D","OMIM:616039"
"DOID:0110148","Charcot-Marie-Tooth disease type 1A","OMIM:118220"
"DOID:0110152","Charcot-Marie-Tooth disease type 1B","OMIM:118200"
"DOID:0110151","Charcot-Marie-Tooth disease type 1C","OMIM:601098"
"DOID:0110153","Charcot-Marie-Tooth disease type 1E","OMIM:118300"
"DOID:0110154","Charcot-Marie-Tooth disease type 2A1","OMIM:118210"
"DOID:0110155","Charcot-Marie-Tooth disease type 2A2A","OMIM:609260"
"DOID:0110159","Charcot-Marie-Tooth disease type 2B","OMIM:600882"
"DOID:0110156","Charcot-Marie-Tooth disease type 2B1","OMIM:605588"
"DOID:0110164","Charcot-Marie-Tooth disease type 2D","OMIM:601472"
"DOID:0110165","Charcot-Marie-Tooth disease type 2E","OMIM:607684"
"DOID:0050540","Charcot-Marie-Tooth disease type 3","OMIM:145900"
"DOID:0110191","Charcot-Marie-Tooth disease type 4B1","OMIM:601382"
"DOID:0110190","Charcot-Marie-Tooth disease type 4B2","OMIM:604563"
"DOID:0110194","Charcot-Marie-Tooth disease type 4B3","OMIM:615284"
"DOID:0110183","Charcot-Marie-Tooth disease type 4C","OMIM:601596"
"DOID:0110186","Charcot-Marie-Tooth disease type 4D","OMIM:601455"
"DOID:0110195","Charcot-Marie-Tooth disease type 4E","OMIM:605253"
"DOID:0110192","Charcot-Marie-Tooth disease type 4H","OMIM:609311"
"DOID:0110184","Charcot-Marie-Tooth disease type 4J","OMIM:611228"
"DOID:0080068","Charcot-Marie-Tooth disease type 6","OMIM:601152|OMIM:616505"
"DOID:0110209","Charcot-Marie-Tooth disease X-linked dominant 1","OMIM:302800"
"DOID:0050834","CHARGE syndrome","OMIM:214800"
"DOID:0050946","Charlevoix-Saguenay spastic ataxia","OMIM:270550"
"DOID:0060563","Char syndrome","OMIM:169100"
"DOID:2935","Chediak-Higashi syndrome","OMIM:214500"
"DOID:1856","cherubism 1","OMIM:118400"
"DOID:0110915","childhood hypophosphatasia","OMIM:241510"
"DOID:1949","cholecystitis","OMIM:600803"
"DOID:0060644","chondrodysplasia-pseudohermaphroditism syndrome","OMIM:600092"
"DOID:0112224","chondrodysplasia with joint dislocations gPAPP type","OMIM:614078"
"DOID:0050766","choreaacanthocytosis","OMIM:200150"
"DOID:9821","choroideremia","OMIM:303100"
"DOID:2626","choroid plexus papilloma","OMIM:260500"
"DOID:0060825","Christianson syndrome","OMIM:300243"
"DOID:0060389","chromosome 10q23 deletion syndrome","OMIM:612242"
"DOID:0060394","chromosome 15q13.3 microdeletion syndrome","OMIM:612001"
"DOID:0060404","chromosome 17q12 deletion syndrome","OMIM:614527"
"DOID:0060434","chromosome 17q21.31 duplication syndrome","OMIM:613533"
"DOID:0060410","chromosome 1p36 deletion syndrome","OMIM:607872"
"DOID:0060412","chromosome 1q41-q42 deletion syndrome","OMIM:612530"
"DOID:0060413","chromosome 22q11.2 deletion syndrome, distal","OMIM:611867"
"DOID:0060437","chromosome 22q13 duplication syndrome","OMIM:615538"
"DOID:0060732","chromosome 9p deletion syndrome","OMIM:158170"
"DOID:1040","chronic lymphocytic leukemia","OMIM:109543|OMIM:151400|OMIM:609630|OMIM:612557|OMIM:612558|OMIM:612559"
"DOID:8552","chronic myeloid leukemia","OMIM:608232"
"DOID:0060645","chronic recurrent multifocal osteomyelitis","OMIM:259680"
"DOID:0060357","chylomicron retention disease","OMIM:246700"
"DOID:0090029","CINCA Syndrome","OMIM:607115"
"DOID:0080313","cleft palate-lateral synechia syndrome","OMIM:119550"
"DOID:0110214","cleft soft palate","OMIM:119570"
"DOID:13994","cleidocranial dysplasia","OMIM:119600|OMIM:216330"
"DOID:14693","Clouston syndrome","OMIM:129500"
"DOID:0080351","CLOVES syndrome","OMIM:612918"
"DOID:11836","clubfoot","OMIM:119800"
"DOID:3783","Coffin-Lowry syndrome","OMIM:303600"
"DOID:0070042","Coffin-Siris syndrome 1","OMIM:135900"
"DOID:0111590","Cohen syndrome","OMIM:216550"
"DOID:12270","coloboma","OMIM:120200|OMIM:120300|OMIM:216820"
"DOID:9256","colorectal cancer","OMIM:114500"
"DOID:0111330","combined saposin deficiency","OMIM:611721"
"DOID:8354","complement component 3 deficiency","OMIM:613779"
"DOID:0090138","complex cortical dysplasia with other brain malformations 4","OMIM:615412"
"DOID:0090132","complex cortical dysplasia with other brain malformations 7","OMIM:610031"
"DOID:0080101","Compton-North congenital myopathy","OMIM:612540"
"DOID:0080314","cone-rod dystrophy 14","OMIM:602093"
"DOID:0111022","cone-rod dystrophy 16","OMIM:614500"
"DOID:0111024","cone-rod dystrophy 18","OMIM:615374"
"DOID:0111025","cone-rod dystrophy 19","OMIM:615860"
"DOID:0111005","cone-rod dystrophy 2","OMIM:120970"
"DOID:0081447","cone-rod dystrophy 21","OMIM:616502"
"DOID:0081448","cone-rod dystrophy 22","OMIM:619531"
"DOID:0111013","cone-rod dystrophy 3","OMIM:604116"
"DOID:0111011","cone-rod dystrophy 6","OMIM:601777"
"DOID:0111020","cone-rod dystrophy 9","OMIM:612775"
"DOID:0050811","congenital adrenal hyperplasia","OMIM:201710|OMIM:201810|OMIM:201910|OMIM:202010|OMIM:202110"
"DOID:2236","congenital afibrinogenemia","OMIM:202400"
"DOID:0112359","congenital anomalies of kidney and urinary tract syndrome with or without hearing loss, abnormal ears, or developmental delay","OMIM:617641"
"DOID:11367","congenital aphakia","OMIM:610256"
"DOID:0111066","congenital bile acid synthesis defect 5","OMIM:616278"
"DOID:0060731","congenital central hypoventilation syndrome","OMIM:209880"
"DOID:0060646","congenital chylothorax","OMIM:603523"
"DOID:3827","congenital diaphragmatic hernia","OMIM:142340|OMIM:222400|OMIM:610187"
"DOID:0060776","congenital diarrhea 5 with tufting enteropathy","OMIM:613217"
"DOID:0070253","congenital disorder of glycosylation type IIa","OMIM:212066"
"DOID:0070255","congenital disorder of glycosylation type IIc","OMIM:266265"
"DOID:0111135","congenital generalized lipodystrophy type 1","OMIM:608594"
"DOID:0111136","congenital generalized lipodystrophy type 2","OMIM:269700"
"DOID:0111138","congenital generalized lipodystrophy type 4","OMIM:613327"
"DOID:0112247","congenital heart defects, dysmorphic facial features, and intellectual developmental disorder","OMIM:617360"
"DOID:0060649","congenital hereditary endothelial dystrophy of cornea","OMIM:217700"
"DOID:0112014","congenital megabladder","OMIM:618719"
"DOID:0110636","congenital merosin-deficient muscular dystrophy 1A","OMIM:607855"
"DOID:0050557","congenital muscular dystrophy","OMIM:254100"
"DOID:0110639","congenital muscular dystrophy due to integrin alpha-7 deficiency","OMIM:613204"
"DOID:0110640","congenital muscular dystrophy due to LMNA mutation","OMIM:613205"
"DOID:0110668","congenital myasthenic syndrome 10","OMIM:254300"
"DOID:0110675","congenital myasthenic syndrome 11","OMIM:616326"
"DOID:0110660","congenital myasthenic syndrome 12","OMIM:610542"
"DOID:0110673","congenital myasthenic syndrome 19","OMIM:616720"
"DOID:0110666","congenital myasthenic syndrome 3A","OMIM:616321"
"DOID:0110678","congenital myasthenic syndrome 4A","OMIM:605809"
"DOID:0110679","congenital myasthenic syndrome 4C","OMIM:608931"
"DOID:0110667","congenital myasthenic syndrome 5","OMIM:603034"
"DOID:0110671","congenital myasthenic syndrome 6","OMIM:254210"
"DOID:0110657","congenital myasthenic syndrome 8","OMIM:615120"
"DOID:0110670","congenital myasthenic syndrome 9","OMIM:616325"
"DOID:3529","congenital myopathy 1A","OMIM:117000"
"DOID:0080991","congenital myopathy 1B","OMIM:255320"
"DOID:2861","congenital nonspherocytic hemolytic anemia","OMIM:206300|OMIM:206400"
"DOID:0111077","congenital nonspherocytic hemolytic anemia 2","OMIM:266200"
"DOID:0111790","congenital nystagmus 1","OMIM:310700"
"DOID:0060296","congenital secretory chloride diarrhea 1","OMIM:214700"
"DOID:0110870","congenital stationary night blindness 1A","OMIM:310500"
"DOID:0110865","congenital stationary night blindness 1B","OMIM:257270"
"DOID:0110867","congenital stationary night blindness 1C","OMIM:613216"
"DOID:0110868","congenital stationary night blindness 1D","OMIM:613830"
"DOID:0110869","congenital stationary night blindness 1E","OMIM:614565"
"DOID:0110864","congenital stationary night blindness 1F","OMIM:615058"
"DOID:0110871","congenital stationary night blindness 2A","OMIM:300071"
"DOID:0110862","congenital stationary night blindness autosomal dominant 1","OMIM:610445"
"DOID:0110863","congenital stationary night blindness autosomal dominant 2","OMIM:163500"
"DOID:0060445","congenital stromal corneal dystrophy","OMIM:610048"
"DOID:0060287","cornea plana","OMIM:121400|OMIM:217300"
"DOID:0080505","Cornelia de Lange syndrome 1","OMIM:122470"
"DOID:0080507","Cornelia de Lange syndrome 3","OMIM:610759"
"DOID:0080509","Cornelia de Lange syndrome 5","OMIM:300882"
"DOID:3393","coronary artery disease","OMIM:300464|OMIM:607339|OMIM:608316|OMIM:608318|OMIM:608320|OMIM:610947|OMIM:611139|OMIM:612030|OMIM:614293"
"DOID:0090130","cortical dysplasia-focal epilepsy syndrome","OMIM:610042"
"DOID:0090030","corticosteroid-binding globulin deficiency","OMIM:611489"
"DOID:0090140","cortisone reductase deficiency 2","OMIM:614662"
"DOID:0050469","Costello syndrome","OMIM:218040"
"DOID:0050657","Cowden syndrome 1","OMIM:158350"
"DOID:14737","craniofrontonasal syndrome","OMIM:304110"
"DOID:2340","craniosynostosis","OMIM:182212|OMIM:600593"
"DOID:0112340","craniotubular dysplasia Ikegawa type","OMIM:619727"
"DOID:11949","Creutzfeldt-Jakob disease","OMIM:123400"
"DOID:3803","Crigler-Najjar syndrome","OMIM:218800"
"DOID:2339","Crouzon syndrome","OMIM:123500"
"DOID:11383","cryptorchidism","OMIM:219050"
"DOID:13271","cutaneous porphyria","OMIM:263700"
"DOID:0090142","cystathioninuria","OMIM:219500"
"DOID:1485","cystic fibrosis","OMIM:219700"
"DOID:1064","cystinosis","OMIM:219750|OMIM:219800|OMIM:219900"
"DOID:9266","cystinuria","OMIM:220100"
"DOID:2785","Dandy-Walker syndrome","OMIM:220200"
"DOID:0050437","Danon disease","OMIM:300257"
"DOID:0090031","D-bifunctional protein deficiency","OMIM:261515"
"DOID:0050757","deafness-dystonia-optic neuronopathy syndrome","OMIM:304700"
"DOID:0111576","dehydrated hereditary stomatocytosis 1","OMIM:194380"
"DOID:0060162","dentatorubral-pallidoluysian atrophy","OMIM:125370"
"DOID:0050699","Dent disease","OMIM:300009|OMIM:300555"
"DOID:701","dentin dysplasia","OMIM:125400|OMIM:125420"
"DOID:4154","dentinogenesis imperfecta","OMIM:125490|OMIM:125500"
"DOID:3764","Denys-Drash syndrome","OMIM:194080"
"DOID:5117","dermoid cyst of ovary","OMIM:166950"
"DOID:0060462","Desbuquois dysplasia","OMIM:251450|OMIM:615777"
"DOID:0070654","desmosterolosis","OMIM:602398"
"DOID:0050158","desquamative interstitial pneumonia","OMIM:263000"
"DOID:0080439","developmental and epileptic encephalopathy 14","OMIM:614959"
"DOID:0080449","developmental and epileptic encephalopathy 16","OMIM:615338"
"DOID:0080450","developmental and epileptic encephalopathy 17","OMIM:615473"
"DOID:0080467","developmental and epileptic encephalopathy 2","OMIM:300672"
"DOID:0080435","developmental and epileptic encephalopathy 37","OMIM:616981"
"DOID:0080349","developmental and epileptic encephalopathy 39","OMIM:612949"
"DOID:0080456","developmental and epileptic encephalopathy 46","OMIM:617162"
"DOID:0080418","developmental and epileptic encephalopathy 54","OMIM:617391"
"DOID:0080462","developmental and epileptic encephalopathy 7","OMIM:613720"
"DOID:0080215","developmental and epileptic encephalopathy 8","OMIM:300607"
"DOID:0060770","dextro-looped transposition of the great arteries","OMIM:608808"
"DOID:0111879","Diamond-Blackfan anemia 6","OMIM:612561"
"DOID:0111878","Diamond-Blackfan anemia 7","OMIM:612562"
"DOID:14687","diastrophic dysplasia","OMIM:222600"
"DOID:0060650","dicarboxylic aminoaciduria","OMIM:222730"
"DOID:6652","diffuse idiopathic skeletal hyperostosis","OMIM:106400"
"DOID:11198","DiGeorge syndrome","OMIM:188400"
"DOID:0110425","dilated cardiomyopathy 1A","OMIM:115200"
"DOID:0110423","dilated cardiomyopathy 1C","OMIM:601493"
"DOID:0110424","dilated cardiomyopathy 1CC","OMIM:613122"
"DOID:0110426","dilated cardiomyopathy 1D","OMIM:601494"
"DOID:0110447","dilated cardiomyopathy 1DD","OMIM:613172"
"DOID:0110433","dilated cardiomyopathy 1E","OMIM:601154"
"DOID:0110453","dilated cardiomyopathy 1EE","OMIM:613252"
"DOID:0110430","dilated cardiomyopathy 1G","OMIM:604145"
"DOID:0110448","dilated cardiomyopathy 1HH","OMIM:613881"
"DOID:0110431","dilated cardiomyopathy 1I","OMIM:604765"
"DOID:0110436","dilated cardiomyopathy 1L","OMIM:606685"
"DOID:0110449","dilated cardiomyopathy 1M","OMIM:607482"
"DOID:0110439","dilated cardiomyopathy 1P","OMIM:609909"
"DOID:0110456","dilated cardiomyopathy 1R","OMIM:613424"
"DOID:0110457","dilated cardiomyopathy 1Y","OMIM:611878"
"DOID:0081162","dilated cardiomyopathy 2F","OMIM:619747"
"DOID:0070477","diphthamide deficiency syndrome 1","OMIM:616901"
"DOID:0060021","DNA ligase IV deficiency","OMIM:606593"
"DOID:0090144","Donnai-Barrow syndrome","OMIM:222448"
"DOID:0090145","dopamine beta-hydroxylase deficiency","OMIM:223360"
"DOID:6406","double outlet right ventricle","OMIM:217095"
"DOID:14250","Down syndrome","OMIM:190685"
"DOID:0060745","Doyne honeycomb retinal dystrophy","OMIM:126600"
"DOID:0080422","Dravet syndrome","OMIM:607208"
"DOID:0060747","Duane-radial ray syndrome","OMIM:607323"
"DOID:12557","Duane retraction syndrome","OMIM:126800"
"DOID:12308","Dubin-Johnson syndrome","OMIM:237500"
"DOID:11723","Duchenne muscular dystrophy","OMIM:310200"
"DOID:0060484","EAST syndrome","OMIM:612780"
"DOID:14289","Ebstein anomaly","OMIM:224700"
"DOID:0111664","ectodermal dysplasia 1","OMIM:305100"
"DOID:0060783","ectrodactyly, ectodermal dysplasia, and cleft lip-palate syndrome 3","OMIM:604292"
"DOID:14720","Ehlers-Danlos syndrome classic type 1","OMIM:130000"
"DOID:12714","Ellis-Van Creveld syndrome","OMIM:225500"
"DOID:0060641","endocrine-cerebro-osteodysplasia syndrome","OMIM:612651"
"DOID:1380","endometrial cancer","OMIM:608089"
"DOID:0090059","enhanced S-cone syndrome","OMIM:268100"
"DOID:4644","epidermolysis bullosa simplex","OMIM:601001|OMIM:615425"
"DOID:0060735","epidermolysis bullosa simplex Dowling-Meara type","OMIM:131760"
"DOID:0060736","epidermolysis bullosa simplex Ogna type","OMIM:131950"
"DOID:0090017","epidermolysis bullosa simplex with muscular dystrophy","OMIM:226670"
"DOID:0050989","episodic ataxia type 1","OMIM:160120"
"DOID:0050990","episodic ataxia type 2","OMIM:108500"
"DOID:0090053","episodic kinesigenic dyskinesia 1","OMIM:128200"
"DOID:13270","erythropoietic protoporphyria","OMIM:177000|OMIM:300752"
"DOID:0080171","esophageal atresia/tracheoesophageal fistula","OMIM:189960"
"DOID:5041","esophageal cancer","OMIM:133239"
"DOID:10825","essential hypertension","OMIM:145500|OMIM:603918|OMIM:604329|OMIM:607329|OMIM:608742|OMIM:610261|OMIM:610262|OMIM:610948|OMIM:611014"
"DOID:2224","essential thrombocythemia","OMIM:187950|OMIM:601977|OMIM:614521"
"DOID:0060640","ethylmalonic encephalopathy","OMIM:602473"
"DOID:13641","exfoliation syndrome","OMIM:177650"
"DOID:0050909","extranodal marginal zone lymphoma of mucosa-associated lymphoid tissue","OMIM:137245"
"DOID:14499","Fabry disease","OMIM:301500"
"DOID:2216","factor V deficiency","OMIM:227400"
"DOID:12134","factor VIII deficiency","OMIM:306700"
"DOID:2229","factor XI deficiency","OMIM:612416"
"DOID:2231","factor XII deficiency","OMIM:234000"
"DOID:2211","factor XIII deficiency","OMIM:613225|OMIM:613235"
"DOID:0050650","familial atrial fibrillation","OMIM:607554|OMIM:608583|OMIM:608988|OMIM:611493|OMIM:611494|OMIM:612201|OMIM:612240|OMIM:613055|OMIM:613980|OMIM:614022|OMIM:614049|OMIM:614050|OMIM:615377|OMIM:615378|OMIM:615770"
"DOID:0060761","familial chronic myelocytic leukemia-like syndrome","OMIM:600080"
"DOID:0090062","familial cold autoinflammatory syndrome 1","OMIM:120100"
"DOID:0090065","familial cold autoinflammatory syndrome 4","OMIM:616115"
"DOID:0050831","familial encephalopathy with neuroserpin inclusion bodies","OMIM:604218"
"DOID:0111731","familial episodic pain syndrome 3","OMIM:615552"
"DOID:0060474","familial erythrocytosis 2","OMIM:263400"
"DOID:0111182","familial hemiplegic migraine 2","OMIM:602481"
"DOID:0110922","familial hemophagocytic lymphohistiocytosis 2","OMIM:603553"
"DOID:0110923","familial hemophagocytic lymphohistiocytosis 3","OMIM:608898"
"DOID:0110924","familial hemophagocytic lymphohistiocytosis 4","OMIM:603552"
"DOID:13810","familial hypercholesterolemia","OMIM:143890"
"DOID:0070216","familial hyperinsulinemic hypoglycemia 3","OMIM:602485"
"DOID:0111061","familial hypobetalipoproteinemia 2","OMIM:605019"
"DOID:0060700","familial hypocalciuric hypercalcemia 1","OMIM:145980"
"DOID:0090028","familial isolated deficiency of vitamin E","OMIM:277460"
"DOID:14118","familial lipoprotein lipase deficiency","OMIM:238600"
"DOID:2987","familial Mediterranean fever","OMIM:134610|OMIM:249100"
"DOID:0050547","familial medullary thyroid carcinoma","OMIM:155240"
"DOID:0060748","familial temporal lobe epilepsy 1","OMIM:600512"
"DOID:0111095","Fanconi anemia complementation group A","OMIM:227650"
"DOID:0111087","Fanconi anemia complementation group C","OMIM:227645"
"DOID:0111089","Fanconi anemia complementation group D1","OMIM:605724"
"DOID:0111083","Fanconi anemia complementation group D2","OMIM:227646"
"DOID:0090066","Fanconi-like syndrome","OMIM:227850"
"DOID:0050464","Farber lipogranulomatosis","OMIM:228000"
"DOID:0050433","fatal familial insomnia","OMIM:600072"
"DOID:0060464","Feingold syndrome","OMIM:164280|OMIM:614326"
"DOID:0060647","fetal encasement syndrome","OMIM:613630"
"DOID:13374","fibrodysplasia ossificans progressiva","OMIM:135100"
"DOID:0050790","fibular hypoplasia and complex brachydactyly","OMIM:228900"
"DOID:0050637","Finnish type amyloidosis","OMIM:105120"
"DOID:2120","focal dermal hypoplasia","OMIM:305600"
"DOID:0111128","focal segmental glomerulosclerosis 1","OMIM:603278"
"DOID:0111129","focal segmental glomerulosclerosis 2","OMIM:603965"
"DOID:0112245","focal segmental glomerulosclerosis 3","OMIM:607832"
"DOID:3962","follicular thyroid carcinoma","OMIM:188470"
"DOID:0070531","foveal hypoplasia 2","OMIM:609218"
"DOID:0050879","fragile X-associated tremor/ataxia syndrome","OMIM:300623"
"DOID:14261","fragile X syndrome","OMIM:300624"
"DOID:0081047","frontonasal dysplasia 3","OMIM:613456"
"DOID:9255","frontotemporal dementia","OMIM:600274"
"DOID:0060213","frontotemporal dementia and/or amyotrophic lateral sclerosis 1","OMIM:105550"
"DOID:11555","Fuchs endothelial dystrophy","OMIM:136800|OMIM:610158|OMIM:613267|OMIM:613268|OMIM:613269|OMIM:613270|OMIM:613271|OMIM:615523"
"DOID:14500","fucosidosis","OMIM:230000"
"DOID:0090067","Fuhrmann syndrome","OMIM:228930"
"DOID:0050559","Fukuyama congenital muscular dystrophy","OMIM:253800"
"DOID:11105","fundus albipunctatus","OMIM:136880"
"DOID:0070048","GAND syndrome","OMIM:615074"
"DOID:8534","gastroesophageal reflux disease","OMIM:109350"
"DOID:9253","gastrointestinal stromal tumor","OMIM:606764"
"DOID:11044","gastroschisis","OMIM:230750"
"DOID:0110957","Gauchers disease type I","OMIM:230800"
"DOID:0110958","Gauchers disease type II","OMIM:230900"
"DOID:0111725","geleophysic dysplasia 1","OMIM:231050"
"DOID:1827","generalized epilepsy","OMIM:600669"
"DOID:4249","Gerstmann-Straussler-Scheinker syndrome","OMIM:137440"
"DOID:0090068","giant axonal neuropathy 1","OMIM:256850"
"DOID:11119","Gilles de la Tourette syndrome","OMIM:137580"
"DOID:0050450","Gitelman syndrome","OMIM:263800"
"DOID:2219","Glanzmanns thrombasthenia","OMIM:273800"
"DOID:0070561","glucose transporter type 1 deficiency syndrome 1","OMIM:606777"
"DOID:0111254","glutaric acidemia I","OMIM:231670"
"DOID:0112246","glutaric acidemia type 3","OMIM:231690"
"DOID:0060363","glycerol kinase deficiency","OMIM:307030"
"DOID:0111037","glycine N-methyltransferase deficiency","OMIM:606664"
"DOID:2749","glycogen storage disease Ia","OMIM:232200"
"DOID:0081330","glycogen storage disease Ib","OMIM:232220"
"DOID:2752","glycogen storage disease II","OMIM:232300"
"DOID:2748","glycogen storage disease III","OMIM:232400"
"DOID:2750","glycogen storage disease IV","OMIM:232500"
"DOID:0111041","glycogen storage disease IXb","OMIM:261750"
"DOID:0111040","glycogen storage disease IXd","OMIM:300559"
"DOID:2746","glycogen storage disease V","OMIM:232600"
"DOID:2754","glycogen storage disease VI","OMIM:232700"
"DOID:11721","glycogen storage disease VII","OMIM:232800"
"DOID:0050579","glycogen storage disease XV","OMIM:613507"
"DOID:3343","glycoproteinosis","OMIM:256550"
"DOID:4795","GM2 gangliosidosis, AB variant","OMIM:272750"
"DOID:0111533","gnathodiaphyseal dysplasia","OMIM:166260"
"DOID:0060481","Goldberg-Shprintzen syndrome","OMIM:609460"
"DOID:2907","Goldenhar syndrome","OMIM:164210"
"DOID:0111455","GRACILE syndrome","OMIM:603358"
"DOID:0111044","gray platelet syndrome","OMIM:139090"
"DOID:14761","Greig cephalopolysyndactyly syndrome","OMIM:175700"
"DOID:0060832","Griscelli syndrome type 1","OMIM:214450"
"DOID:0060672","Grn-related frontotemporal lobar degeneration with Tdp43 inclusions","OMIM:607485"
"DOID:0050799","guanidinoacetate methyltransferase deficiency","OMIM:612736"
"DOID:12842","Guillain-Barre syndrome","OMIM:139393"
"DOID:1415","gyrate atrophy","OMIM:258870"
"DOID:2736","Hajdu-Cheney syndrome","OMIM:102500"
"DOID:0060739","hand-foot-genital syndrome","OMIM:140000"
"DOID:1060","Hartnup disease","OMIM:234500"
"DOID:0070058","Helsmoortel-Van Der Aa Syndrome","OMIM:615873"
"DOID:2352","hemochromatosis","OMIM:231100"
"DOID:0111029","hemochromatosis type 1","OMIM:235200"
"DOID:0111027","hemochromatosis type 2A","OMIM:602390"
"DOID:0111032","hemochromatosis type 2B","OMIM:613313"
"DOID:0111030","hemochromatosis type 3","OMIM:604250"
"DOID:0111028","hemochromatosis type 4","OMIM:606069"
"DOID:12259","hemophilia B","OMIM:306900"
"DOID:684","hepatocellular carcinoma","OMIM:114550"
"DOID:13269","hereditary coproporphyria","OMIM:121300"
"DOID:2373","hereditary elliptocytosis","OMIM:130600|OMIM:611804"
"DOID:1270","hereditary hemorrhagic telangiectasia","OMIM:187300|OMIM:600376|OMIM:615506"
"DOID:0050947","hereditary hypophosphatemic rickets with hypercalciuria","OMIM:241530"
"DOID:206","hereditary multiple exostoses","OMIM:133700|OMIM:133701|OMIM:600209"
"DOID:0060843","hereditary neuropathy with liability to pressure palsies","OMIM:162500"
"DOID:0090120","hereditary neutrophilia","OMIM:162830"
"DOID:0070151","hereditary sensory and autonomic neuropathy type 6","OMIM:614653"
"DOID:0110764","hereditary spastic paraplegia 11","OMIM:604360"
"DOID:0110766","hereditary spastic paraplegia 13","OMIM:605280"
"DOID:0110768","hereditary spastic paraplegia 15","OMIM:270700"
"DOID:0110773","hereditary spastic paraplegia 2","OMIM:312920"
"DOID:0110782","hereditary spastic paraplegia 31","OMIM:610250"
"DOID:0110786","hereditary spastic paraplegia 35","OMIM:612319"
"DOID:0110792","hereditary spastic paraplegia 4","OMIM:182601"
"DOID:0110800","hereditary spastic paraplegia 48","OMIM:613647"
"DOID:0110806","hereditary spastic paraplegia 54","OMIM:615033"
"DOID:0110816","hereditary spastic paraplegia 7","OMIM:607259"
"DOID:0112341","hereditary spastic paraplegia 80","OMIM:618418"
"DOID:0110916","hereditary spherocytosis type 1","OMIM:182900"
"DOID:0110918","hereditary spherocytosis type 3","OMIM:270970"
"DOID:0110919","hereditary spherocytosis type 4","OMIM:612653"
"DOID:0060539","Hermansky-Pudlak syndrome 1","OMIM:203300"
"DOID:0060540","Hermansky-Pudlak syndrome 2","OMIM:608233"
"DOID:0060541","Hermansky-Pudlak syndrome 3","OMIM:614072"
"DOID:0060542","Hermansky-Pudlak syndrome 4","OMIM:614073"
"DOID:0060543","Hermansky-Pudlak syndrome 5","OMIM:614074"
"DOID:0060544","Hermansky-Pudlak syndrome 6","OMIM:614075"
"DOID:0060545","Hermansky-Pudlak syndrome 7","OMIM:614076"
"DOID:0060546","Hermansky-Pudlak syndrome 8","OMIM:614077"
"DOID:0060547","Hermansky-Pudlak syndrome 9","OMIM:614171"
"DOID:0111628","high myopia-sensorineural deafness syndrome","OMIM:221200"
"DOID:10487","Hirschsprungs disease","OMIM:600156|OMIM:606874|OMIM:606875|OMIM:608462|OMIM:611644"
"DOID:0081168","HMG-CoA synthase 2 deficiency","OMIM:605911"
"DOID:0110877","holoprosencephaly 11","OMIM:614226"
"DOID:0110872","holoprosencephaly 2","OMIM:157170"
"DOID:0110875","holoprosencephaly 3","OMIM:142945"
"DOID:0110878","holoprosencephaly 5","OMIM:609637"
"DOID:0060468","Holt-Oram syndrome","OMIM:142900"
"DOID:9263","homocystinuria","OMIM:236200|OMIM:236250"
"DOID:321","HTLV-1-associated myelopathy/tropical spastic paraparesis","OMIM:159580"
"DOID:12858","Huntingtons disease","OMIM:143100"
"DOID:0090104","Huntingtons disease-like 2","OMIM:606438"
"DOID:10908","hydrocephalus","OMIM:123155|OMIM:236600|OMIM:236635|OMIM:307000|OMIM:615219"
"DOID:9278","hyperargininemia","OMIM:207800"
"DOID:0060696","hyperekplexia 1","OMIM:149400"
"DOID:0060697","hyperekplexia 2","OMIM:614619"
"DOID:0060698","hyperekplexia 3","OMIM:614618"
"DOID:9279","hyperhomocysteinemia","OMIM:603174"
"DOID:3261","hyper IgE recurrent infection syndrome 1","OMIM:147060"
"DOID:0081450","hyperimmunoglobulinemia D periodic fever syndrome","OMIM:260920"
"DOID:14451","hyperkalemic periodic paralysis","OMIM:170500"
"DOID:13543","hyperparathyroidism","OMIM:145000|OMIM:145001|OMIM:610071"
"DOID:0111063","hyperphosphatemic familial tumoral calcinosis","OMIM:211900"
"DOID:0060569","hypertrichotic osteochondrodysplasia Cantu type","OMIM:239850"
"DOID:0110307","hypertrophic cardiomyopathy 1","OMIM:192600"
"DOID:0110316","hypertrophic cardiomyopathy 10","OMIM:608758"
"DOID:0110317","hypertrophic cardiomyopathy 11","OMIM:612098"
"DOID:0110318","hypertrophic cardiomyopathy 12","OMIM:612124"
"DOID:0110319","hypertrophic cardiomyopathy 13","OMIM:613243"
"DOID:0110320","hypertrophic cardiomyopathy 14","OMIM:613251"
"DOID:0110322","hypertrophic cardiomyopathy 16","OMIM:613838"
"DOID:0110308","hypertrophic cardiomyopathy 2","OMIM:115195"
"DOID:0110326","hypertrophic cardiomyopathy 20","OMIM:613876"
"DOID:0110309","hypertrophic cardiomyopathy 3","OMIM:115196"
"DOID:0110310","hypertrophic cardiomyopathy 4","OMIM:115197"
"DOID:0110312","hypertrophic cardiomyopathy 6","OMIM:600858"
"DOID:0110313","hypertrophic cardiomyopathy 7","OMIM:613690"
"DOID:0110314","hypertrophic cardiomyopathy 8","OMIM:608751"
"DOID:12638","hypertrophic pyloric stenosis","OMIM:179010|OMIM:300711|OMIM:610260|OMIM:612017|OMIM:612525"
"DOID:0080041","hypochondroplasia","OMIM:146000"
"DOID:0090071","hypogonadotropic hypogonadism 11 with or without anosmia","OMIM:614840"
"DOID:0090072","hypogonadotropic hypogonadism 12 with or without anosmia","OMIM:614841"
"DOID:0090073","hypogonadotropic hypogonadism 13 with or without anosmia","OMIM:614842"
"DOID:0090078","hypogonadotropic hypogonadism 7 with or without anosmia","OMIM:146110"
"DOID:0090074","hypogonadotropic hypogonadism 8 with or without anosmia","OMIM:614837"
"DOID:14452","hypokalemic periodic paralysis","OMIM:170400|OMIM:613345"
"DOID:0060787","hypomyelinating leukodystrophy 2","OMIM:608804"
"DOID:0060798","hypomyelinating leukodystrophy 6","OMIM:612438"
"DOID:0060794","hypomyelinating leukodystrophy 7","OMIM:607694"
"DOID:0060878","hypoparathyroidism-deafness-renal disease syndrome","OMIM:146255"
"DOID:9955","hypoplastic left heart syndrome","OMIM:241550|OMIM:614435"
"DOID:0060858","hypotonia-cystinuria syndrome","OMIM:606407"
"DOID:0110710","hypotrichosis 13","OMIM:615896"
"DOID:0110701","hypotrichosis 4","OMIM:146550"
"DOID:0110703","hypotrichosis 6","OMIM:607903"
"DOID:1702","ichthyosis vulgaris","OMIM:146700"
"DOID:12559","idiopathic juvenile osteoporosis","OMIM:259750"
"DOID:2986","IgA glomerulonephritis","OMIM:161950"
"DOID:0111140","IGSF1 deficiency syndrome","OMIM:300888"
"DOID:0090110","immune dysregulation-polyendocrinopathy-enteropathy-X-linked syndrome","OMIM:304790"
"DOID:0111936","immunodeficiency 14","OMIM:615513"
"DOID:0111960","immunodeficiency 15A","OMIM:618204"
"DOID:0112061","immunodeficiency 73b with defective neutrophil chemotaxis and lymphopenia","OMIM:618986"
"DOID:0090008","immunodeficiency-centromeric instability-facial anomalies syndrome 1","OMIM:242860"
"DOID:0060758","immunodeficiency with hyper-IgM type 2","OMIM:605258"
"DOID:3429","inclusion body myositis","OMIM:147421"
"DOID:0110914","infantile hypophosphatasia","OMIM:241500"
"DOID:0080109","infantile myofibromatosis","OMIM:228550|OMIM:615293"
"DOID:0110892","inflammatory bowel disease 1","OMIM:266600"
"DOID:0110885","inflammatory bowel disease 10","OMIM:611081"
"DOID:0110887","inflammatory bowel disease 12","OMIM:612241"
"DOID:0110893","inflammatory bowel disease 13","OMIM:612244"
"DOID:0110896","inflammatory bowel disease 16","OMIM:612259"
"DOID:0060603","isolated anhidrosis with normal sweat glands","OMIM:106190"
"DOID:0110213","isolated cleft palate","OMIM:119540"
"DOID:0111717","isolated cryptophthalmia","OMIM:123570"
"DOID:0060873","isolated growth hormone deficiency type IA","OMIM:262400"
"DOID:0060872","isolated growth hormone deficiency type II","OMIM:173100"
"DOID:0060835","isolated microphthalmia 6","OMIM:613517"
"DOID:0081357","isolated mitochondrial myopathy","OMIM:616209"
"DOID:2842","Jervell-Lange Nielsen syndrome","OMIM:220400|OMIM:612347"
"DOID:14694","Johanson-Blizzard syndrome","OMIM:243800"
"DOID:0110986","Joubert syndrome 17","OMIM:614615"
"DOID:0110995","Joubert syndrome 26","OMIM:616784"
"DOID:0110998","Joubert syndrome 3","OMIM:608629"
"DOID:0080279","Joubert syndrome 33","OMIM:617767"
"DOID:0111000","Joubert syndrome 5","OMIM:610188"
"DOID:0111001","Joubert syndrome 6","OMIM:610688"
"DOID:0111002","Joubert syndrome 7","OMIM:611560"
"DOID:0060737","junctional epidermolysis bullosa Herlitz type","OMIM:226700"
"DOID:0060738","junctional epidermolysis bullosa non-Herlitz type","OMIM:226650"
"DOID:0060733","junctional epidermolysis bullosa with pyloric atresia","OMIM:226730"
"DOID:1068","juvenile glaucoma","OMIM:137750"
"DOID:0050458","juvenile myelomonocytic leukemia","OMIM:607785"
"DOID:4890","juvenile myoclonic epilepsy","OMIM:254770"
"DOID:0050787","juvenile polyposis syndrome","OMIM:174900"
"DOID:12376","juvenile spinal muscular atrophy","OMIM:253400"
"DOID:0060473","Kabuki syndrome","OMIM:147920|OMIM:300867"
"DOID:0060911","karyomegalic interstitial nephritis","OMIM:614817"
"DOID:0111456","Kaufman oculocerebrofacial syndrome","OMIM:244450"
"DOID:14780","KBG syndrome","OMIM:148050"
"DOID:12934","Kearns-Sayre syndrome","OMIM:530000"
"DOID:0060161","Kennedys disease","OMIM:313200"
"DOID:10126","keratoconus","OMIM:148300|OMIM:608586|OMIM:608932|OMIM:609271|OMIM:614622|OMIM:614623|OMIM:614628|OMIM:614629"
"DOID:2734","keratosis follicularis","OMIM:124200"
"DOID:0060472","Kindler syndrome","OMIM:173650"
"DOID:0112383","KINSSHIP syndrome","OMIM:619297"
"DOID:0060352","Kleefstra syndrome 1","OMIM:610253"
"DOID:0111668","Kohlschutter-Tonz syndrome","OMIM:226750"
"DOID:0050880","Koolen de Vries syndrome","OMIM:610443"
"DOID:10587","Krabbe disease","OMIM:245200"
"DOID:0060556","Kufor-Rakeb syndrome","OMIM:606693"
"DOID:0050574","L-2-hydroxyglutaric aciduria","OMIM:236792"
"DOID:0050331","lacrimoauriculodentodigital syndrome 1","OMIM:149730"
"DOID:3534","Lafora disease","OMIM:254780"
"DOID:2571","Langerhans-cell histiocytosis","OMIM:246400|OMIM:604856"
"DOID:9521","Laron syndrome","OMIM:262500"
"DOID:0060869","late-onset retinal degeneration","OMIM:605670"
"DOID:0110078","Leber congenital amaurosis 1","OMIM:204000"
"DOID:0110291","Leber congenital amaurosis 10","OMIM:611755"
"DOID:0110080","Leber congenital amaurosis 12","OMIM:610612"
"DOID:0110188","Leber congenital amaurosis 14","OMIM:613341"
"DOID:0081169","Leber congenital amaurosis 19","OMIM:618513"
"DOID:0110016","Leber congenital amaurosis 2","OMIM:204100"
"DOID:0110331","Leber congenital amaurosis 3","OMIM:604232"
"DOID:0110332","Leber congenital amaurosis 4","OMIM:604393"
"DOID:0110215","Leber congenital amaurosis 5","OMIM:604537"
"DOID:0110329","Leber congenital amaurosis 6","OMIM:613826"
"DOID:0110333","Leber congenital amaurosis 7","OMIM:613829"
"DOID:0110079","Leber congenital amaurosis 8","OMIM:613835"
"DOID:0110005","Leber congenital amaurosis 9","OMIM:608553"
"DOID:705","Leber hereditary optic neuropathy","OMIM:535000"
"DOID:0060480","left ventricular noncompaction","OMIM:604169"
"DOID:3652","Leigh disease","OMIM:256000"
"DOID:0050561","Lennox-Gastaut syndrome","OMIM:606369"
"DOID:0060847","Leri-Weill dyschondrosteosis","OMIM:127300"
"DOID:1919","Lesch-Nyhan syndrome","OMIM:300322"
"DOID:0090101","lethal congenital glycogen storage disease of heart","OMIM:261740"
"DOID:0110910","leukocyte adhesion deficiency 1","OMIM:116920"
"DOID:0110912","leukocyte adhesion deficiency 3","OMIM:612840"
"DOID:12217","Lewy body dementia","OMIM:127750"
"DOID:0050477","Liddle syndrome","OMIM:177200"
"DOID:0061186","long chain 3-hydroxyacyl-CoA dehydrogenase deficiency","OMIM:609016"
"DOID:0110644","long QT syndrome 1","OMIM:192500"
"DOID:0110646","long QT syndrome 3","OMIM:603830"
"DOID:1324","lung cancer","OMIM:211980|OMIM:608935|OMIM:612571|OMIM:612593|OMIM:614210"
"DOID:0060439","lysinuric protein intolerance","OMIM:222700"
"DOID:1440","Machado-Joseph disease","OMIM:109150"
"DOID:0060867","macrocephaly-autism syndrome","OMIM:605309"
"DOID:0112306","Mahvash Disease","OMIM:619290"
"DOID:1470","major depressive disorder","OMIM:608520|OMIM:608691"
"DOID:0060862","mal de Meleda","OMIM:248300"
"DOID:0060365","mandibulofacial dysostosis with alopecia","OMIM:616367"
"DOID:9269","maple syrup urine disease","OMIM:246900|OMIM:248600|OMIM:615135"
"DOID:14323","Marfan syndrome","OMIM:154700"
"DOID:0081075","Marsili syndrome","OMIM:147430"
"DOID:0060246","MASA syndrome","OMIM:303350"
"DOID:350","mastocytosis","OMIM:154800"
"DOID:0060245","Mast syndrome","OMIM:248900"
"DOID:0111099","maturity-onset diabetes of the young type 1","OMIM:125850"
"DOID:0111100","maturity-onset diabetes of the young type 2","OMIM:125851"
"DOID:0111102","maturity-onset diabetes of the young type 3","OMIM:600496"
"DOID:0111103","maturity-onset diabetes of the young type 4","OMIM:606392"
"DOID:1858","McCune Albright syndrome","OMIM:174800"
"DOID:0080153","medium chain acyl-CoA dehydrogenase deficiency","OMIM:201450"
"DOID:0050902","medulloblastoma","OMIM:155255"
"DOID:0110632","megaconial type congenital muscular dystrophy","OMIM:602541"
"DOID:0111403","mega-corpus-callosum syndrome with cerebellar hypoplasia and cortical malformations","OMIM:618273"
"DOID:0060610","megacystis-microcolon-intestinal hypoperistalsis syndrome","OMIM:155310"
"DOID:0080316","megalencephalic leukoencephalopathy with subcortical cysts 1","OMIM:604004"
"DOID:1595","melancholic depression","OMIM:608516"
"DOID:3687","MELAS syndrome","OMIM:540000"
"DOID:2920","membranoproliferative glomerulonephritis","OMIM:305800"
"DOID:1838","Menkes disease","OMIM:309400"
"DOID:0080208","metabolic dysfunction-associated steatotic liver disease","OMIM:613282|OMIM:613387"
"DOID:10581","metachromatic leukodystrophy","OMIM:249900|OMIM:250100"
"DOID:0111814","methylmalonic acidemia and homocysteinemia cblX type","OMIM:309541"
"DOID:0060741","methylmalonic acidemia due to transcobalamin receptor defect","OMIM:613646"
"DOID:0050715","methylmalonic aciduria and homocystinuria type cblC","OMIM:277400"
"DOID:0060740","methylmalonic aciduria due to methylmalonyl-CoA mutase deficiency","OMIM:251000"
"DOID:5812","MHC class II deficiency","OMIM:209920"
"DOID:0060609","microcephalic osteodysplastic primordial dwarfism type II","OMIM:210720"
"DOID:11252","microcytic anemia","OMIM:206200"
"DOID:0060861","microphthalmia with limb anomalies","OMIM:206920"
"DOID:0060775","microvillus inclusion disease","OMIM:251850"
"DOID:0060469","Miller-Dieker lissencephaly syndrome","OMIM:247200"
"DOID:0080111","mitochondrial complex III deficiency nuclear type 1","OMIM:124000"
"DOID:0080120","mitochondrial DNA depletion syndrome 2","OMIM:609560"
"DOID:0080121","mitochondrial DNA depletion syndrome 3","OMIM:251880"
"DOID:0080124","mitochondrial DNA depletion syndrome 5","OMIM:612073"
"DOID:0080126","mitochondrial DNA depletion syndrome 7","OMIM:271245"
"DOID:699","mitochondrial myopathy","OMIM:251900"
"DOID:988","mitral valve prolapse","OMIM:157700|OMIM:607829|OMIM:610840"
"DOID:0111164","molybdenum cofactor deficiency type A","OMIM:252150"
"DOID:0111163","molybdenum cofactor deficiency type B","OMIM:252160"
"DOID:0080141","mosaic variegated aneuploidy syndrome 1","OMIM:257300"
"DOID:0060485","Mowat-Wilson syndrome","OMIM:235730"
"DOID:0080070","mucolipidosis II alpha/beta","OMIM:252500"
"DOID:0080490","mucolipidosis type IV","OMIM:252650"
"DOID:12799","mucopolysaccharidosis II","OMIM:309900"
"DOID:12801","mucopolysaccharidosis III","OMIM:252940"
"DOID:0050809","mucopolysaccharidosis IX","OMIM:601492"
"DOID:12803","mucopolysaccharidosis type VII","OMIM:253220"
"DOID:12800","mucopolysaccharidosis VI","OMIM:253200"
"DOID:0050441","mucosulfatidosis","OMIM:272200"
"DOID:0060703","Muenke Syndrome","OMIM:602849"
"DOID:0050465","Muir-Torre syndrome","OMIM:158320"
"DOID:0050436","mulibrey nanism","OMIM:253250"
"DOID:0111534","multicentric carpotarsal osteolysis syndrome","OMIM:166300"
"DOID:10017","multiple endocrine neoplasia type 1","OMIM:131100"
"DOID:10016","multiple endocrine neoplasia type 2B","OMIM:162300"
"DOID:0070299","multiple epiphyseal dysplasia 5","OMIM:607078"
"DOID:9538","multiple myeloma","OMIM:254500"
"DOID:2377","multiple sclerosis","OMIM:612594|OMIM:612595|OMIM:612596"
"DOID:9884","muscular dystrophy","OMIM:158800|OMIM:159050|OMIM:309930|OMIM:309950|OMIM:310000|OMIM:310095|OMIM:600416"
"DOID:0050588","muscular dystrophy-dystroglycanopathy type B1","OMIM:613155"
"DOID:0110635","muscular dystrophy-dystroglycanopathy type B5","OMIM:606612"
"DOID:0110637","muscular dystrophy-dystroglycanopathy type B6","OMIM:608840"
"DOID:0050908","myelodysplastic syndrome","OMIM:614286"
"DOID:4971","myelofibrosis","OMIM:254450"
"DOID:0060651","MYH-9 related disease","OMIM:155100"
"DOID:0090034","myoclonic dystonia 11","OMIM:159900"
"DOID:0080092","myofibrillar myopathy 1","OMIM:601419"
"DOID:0080094","myofibrillar myopathy 3","OMIM:609200"
"DOID:0080096","myofibrillar myopathy 5","OMIM:609524"
"DOID:0080097","myofibrillar myopathy 6","OMIM:612954"
"DOID:11830","myopia","OMIM:160700|OMIM:255500|OMIM:300613|OMIM:310460|OMIM:603221|OMIM:608367|OMIM:608474|OMIM:608908|OMIM:609256|OMIM:609257|OMIM:609258|OMIM:609259|OMIM:609994|OMIM:609995|OMIM:610320|OMIM:612554|OMIM:612717|OMIM:613959|OMIM:613969|OMIM:614166|OMIM:614167|OMIM:615420|OMIM:615431|OMIM:615946"
"DOID:633","myositis","OMIM:160750"
"DOID:0111072","myostatin-related muscle hypertrophy","OMIM:614160"
"DOID:11722","myotonic dystrophy type 1","OMIM:160900"
"DOID:9467","nail-patella syndrome","OMIM:161200"
"DOID:0060599","Nance-Horan syndrome","OMIM:302350"
"DOID:0080634","nanophthalmos","OMIM:600165|OMIM:609549|OMIM:611897|OMIM:615972"
"DOID:8986","narcolepsy","OMIM:161400|OMIM:605841|OMIM:609039|OMIM:612417|OMIM:612851|OMIM:614223|OMIM:614250"
"DOID:0090112","Nasu-Hakola disease","OMIM:221770"
"DOID:0110926","nemaline myopathy 1","OMIM:609284"
"DOID:0110931","nemaline myopathy 10","OMIM:616165"
"DOID:0110933","nemaline myopathy 11","OMIM:617336"
"DOID:0110928","nemaline myopathy 2","OMIM:256030"
"DOID:0110927","nemaline myopathy 3","OMIM:161800"
"DOID:0110936","nemaline myopathy 5A","OMIM:605355"
"DOID:0110935","nemaline myopathy 6","OMIM:609273"
"DOID:0110930","nemaline myopathy 8","OMIM:615348"
"DOID:0060638","neonatal diabetes mellitus with congenital hypothyroidism","OMIM:610199"
"DOID:2154","nephroblastoma","OMIM:194070"
"DOID:0111112","nephronophthisis 1","OMIM:256100"
"DOID:0111113","nephronophthisis 2","OMIM:602088"
"DOID:0111114","nephronophthisis 3","OMIM:604387"
"DOID:0111115","nephronophthisis 4","OMIM:606966"
"DOID:0111116","nephronophthisis 7","OMIM:611498"
"DOID:0050474","Netherton syndrome","OMIM:256500"
"DOID:0080074","neural tube defect","OMIM:301410|OMIM:601634"
"DOID:0110735","neurodegeneration with brain iron accumulation 2a","OMIM:256600"
"DOID:0110737","neurodegeneration with brain iron accumulation 3","OMIM:606159"
"DOID:0110739","neurodegeneration with brain iron accumulation 5","OMIM:300894"
"DOID:0110740","neurodegeneration with brain iron accumulation 6","OMIM:615643"
"DOID:0070514","neurodevelopmental disorder with dysmorphic facies and distal limb anomalies","OMIM:617755"
"DOID:0112276","neurodevelopmental disorder with involuntary movements","OMIM:617493"
"DOID:0080312","neurodevelopmental disorder with midbrain and hindbrain malformations","OMIM:617523"
"DOID:0081444","neurodevelopmental disorder with poor growth and behavioral abnormalities","OMIM:620242"
"DOID:0111253","neurofibromatosis 1","OMIM:162200"
"DOID:0090124","neurogenic-type arthrogryposis multiplex congenita-2","OMIM:208100"
"DOID:12388","neurohypophyseal diabetes insipidus","OMIM:125700"
"DOID:0110721","neuronal ceroid lipofuscinosis 1","OMIM:256730"
"DOID:0110725","neuronal ceroid lipofuscinosis 10","OMIM:610127"
"DOID:0110726","neuronal ceroid lipofuscinosis 2","OMIM:204500"
"DOID:0110731","neuronal ceroid lipofuscinosis 3","OMIM:204200"
"DOID:0110728","neuronal ceroid lipofuscinosis 5","OMIM:256731"
"DOID:0110729","neuronal ceroid lipofuscinosis 6A","OMIM:601780"
"DOID:0110722","neuronal ceroid lipofuscinosis 7","OMIM:610951"
"DOID:0110723","neuronal ceroid lipofuscinosis 8","OMIM:600143"
"DOID:12716","newborn respiratory distress syndrome","OMIM:267450"
"DOID:0070113","Niemann-Pick disease type C1","OMIM:257220"
"DOID:7400","Nijmegen breakage syndrome","OMIM:251260"
"DOID:0060060","non-Hodgkin lymphoma","OMIM:605027"
"DOID:0050387","nonpapillary renal cell carcinoma","OMIM:144700"
"DOID:0060929","non-syndromic X-linked intellectual developmental disorder 111","OMIM:301107"
"DOID:0050776","non-syndromic X-linked intellectual disability","OMIM:300716"
"DOID:0112051","non-syndromic X-linked intellectual disability 30","OMIM:300558"
"DOID:0112059","non-syndromic X-linked intellectual disability 72","OMIM:300271"
"DOID:0112034","non-syndromic X-linked intellectual disability 9","OMIM:309549"
"DOID:0112044","non-syndromic X-linked intellectual disability 98","OMIM:300912"
"DOID:0060578","Noonan syndrome 1","OMIM:163950"
"DOID:0060588","Noonan syndrome 10","OMIM:616564"
"DOID:0060581","Noonan syndrome 3","OMIM:609942"
"DOID:0060582","Noonan syndrome 4","OMIM:610733"
"DOID:0060583","Noonan syndrome 5","OMIM:611553"
"DOID:0060586","Noonan syndrome 8","OMIM:615355"
"DOID:1572","normal pressure hydrocephalus","OMIM:236690"
"DOID:0060844","Norrie disease","OMIM:310600"
"DOID:1391","Norum disease","OMIM:245900"
"DOID:0112072","nuclear type mitochondrial complex I deficiency 20","OMIM:611126"
"DOID:9970","obesity","OMIM:601665"
"DOID:0050848","obstructive sleep apnea","OMIM:107650"
"DOID:0050633","ocular albinism 1","OMIM:300500"
"DOID:0060482","oculoauricular syndrome","OMIM:612109"
"DOID:0060291","oculodentodigital dysplasia","OMIM:164200|OMIM:257850"
"DOID:11719","oculopharyngeal muscular dystrophy","OMIM:164300"
"DOID:0110713","Oguchi disease-2","OMIM:613411"
"DOID:0060010","Omenn syndrome","OMIM:603554"
"DOID:0060327","omphalocele","OMIM:164750"
"DOID:1067","open-angle glaucoma","OMIM:137750|OMIM:177700|OMIM:602429|OMIM:603383|OMIM:606689|OMIM:608695|OMIM:608696|OMIM:609745|OMIM:609887|OMIM:610535|OMIM:611274|OMIM:611276|OMIM:613100"
"DOID:0080697","Opitz GBBB syndrome","OMIM:300000"
"DOID:9271","ornithine carbamoyltransferase deficiency","OMIM:311250"
"DOID:0060316","orofaciodigital syndrome I","OMIM:311200"
"DOID:0060887","ossification of the posterior longitudinal ligament of spine","OMIM:602475"
"DOID:0110334","osteogenesis imperfecta type 1","OMIM:166200"
"DOID:0110346","osteogenesis imperfecta type 10","OMIM:613848"
"DOID:0110341","osteogenesis imperfecta type 2","OMIM:166210"
"DOID:0110339","osteogenesis imperfecta type 3","OMIM:259420"
"DOID:0110340","osteogenesis imperfecta type 4","OMIM:166220"
"DOID:0110344","osteogenesis imperfecta type 5","OMIM:610967"
"DOID:0110350","osteogenesis imperfecta type 6","OMIM:613982"
"DOID:0110337","osteogenesis imperfecta type 7","OMIM:610682"
"DOID:0110336","osteogenesis imperfecta type 8","OMIM:610915"
"DOID:0110349","osteogenesis imperfecta type 9","OMIM:259440"
"DOID:0060886","osteopathia striata with cranial sclerosis","OMIM:300373"
"DOID:11476","osteoporosis","OMIM:166710"
"DOID:0060849","osteoporosis-pseudoglioma syndrome","OMIM:259770"
"DOID:3347","osteosarcoma","OMIM:259500"
"DOID:0080026","otospondylomegaepiphyseal dysplasia, autosomal recessive","OMIM:215150"
"DOID:2394","ovarian cancer","OMIM:167000|OMIM:607893"
"DOID:5425","ovarian hyperstimulation syndrome","OMIM:608115"
"DOID:9248","Pallister-Hall syndrome","OMIM:146510"
"DOID:0111506","palmoplantar keratoderma-esophageal carcinoma syndrome","OMIM:148500"
"DOID:4905","pancreatic carcinoma","OMIM:260350"
"DOID:4989","pancreatitis","OMIM:167800"
"DOID:3969","papillary thyroid carcinoma","OMIM:188550"
"DOID:0060285","parietal foramina","OMIM:168500|OMIM:609566|OMIM:609597"
"DOID:0060367","Parkinsons disease 1","OMIM:168601"
"DOID:0060900","Parkinsons disease 14","OMIM:612953"
"DOID:0060897","Parkinsons disease 17","OMIM:614203"
"DOID:0060368","Parkinsons disease 2","OMIM:600116"
"DOID:0060895","Parkinsons disease 4","OMIM:605543"
"DOID:0060369","Parkinsons disease 6","OMIM:605909"
"DOID:0060370","Parkinsons disease 7","OMIM:606324"
"DOID:0060371","Parkinsons disease 8","OMIM:607060"
"DOID:0090049","paroxysmal nonkinesigenic dyskinesia 1","OMIM:118800"
"DOID:9822","partial central choroid dystrophy","OMIM:613105"
"DOID:13832","patent ductus arteriosus","OMIM:607411"
"DOID:0060866","patterned macular dystrophy 1","OMIM:169150"
"DOID:0060864","patterned macular dystrophy 2","OMIM:608970"
"DOID:0090111","PCWH syndrome","OMIM:609136"
"DOID:9631","Pelger-Huet anomaly","OMIM:169400"
"DOID:3210","Pelizaeus-Merzbacher disease","OMIM:312080"
"DOID:0060851","pemphigus vulgaris","OMIM:169610"
"DOID:0060744","Pendred Syndrome","OMIM:274600"
"DOID:0050454","periventricular nodular heterotopia","OMIM:300049|OMIM:608097|OMIM:608098|OMIM:612881|OMIM:615544"
"DOID:0060476","Perlman syndrome","OMIM:267000"
"DOID:0060639","permanent neonatal diabetes mellitus","OMIM:606176"
"DOID:0050797","peroxisomal acyl-CoA oxidase deficiency","OMIM:264470"
"DOID:0050857","Perrault syndrome","OMIM:233400|OMIM:614129|OMIM:615300"
"DOID:0060486","Perry syndrome","OMIM:168605"
"DOID:13042","persistent fetal circulation syndrome","OMIM:265380"
"DOID:0060282","persistent hyperplastic primary vitreous","OMIM:221900|OMIM:611308"
"DOID:0050791","persistent Mullerian duct syndrome","OMIM:261550"
"DOID:0060673","Peters anomaly","OMIM:604229"
"DOID:0080201","Peters plus syndrome","OMIM:261540"
"DOID:3852","Peutz-Jeghers syndrome","OMIM:175200"
"DOID:14705","Pfeiffer syndrome","OMIM:101600"
"DOID:0080181","PHARC syndrome","OMIM:612674"
"DOID:0080354","Phelan-McDermid syndrome","OMIM:606232"
"DOID:9281","phenylketonuria","OMIM:261600"
"DOID:0050771","pheochromocytoma","OMIM:171300"
"DOID:11870","Picks disease","OMIM:172700"
"DOID:3263","piebaldism","OMIM:172800"
"DOID:0081362","Pierpont syndrome","OMIM:602342"
"DOID:0060852","Pierson syndrome","OMIM:609049"
"DOID:0060680","pigment dispersion syndrome","OMIM:600510"
"DOID:0060488","Pitt-Hopkins syndrome","OMIM:610954"
"DOID:9212","pityriasis rubra pilaris","OMIM:173200"
"DOID:2223","platelet storage pool deficiency","OMIM:185050"
"DOID:0111046","platelet-type bleeding disorder 10","OMIM:608404"
"DOID:0060691","platelet-type bleeding disorder 16","OMIM:187800"
"DOID:0060692","platelet-type bleeding disorder 8","OMIM:609821"
"DOID:0110858","polycystic kidney disease 1","OMIM:173900"
"DOID:0110859","polycystic kidney disease 2","OMIM:613095"
"DOID:0080212","polycystic kidney disease 4","OMIM:263200"
"DOID:11612","polycystic ovary syndrome","OMIM:184700"
"DOID:8997","polycythemia vera","OMIM:263300"
"DOID:1148","polydactyly","OMIM:174200|OMIM:174700|OMIM:603596"
"DOID:0060279","pontocerebellar hypoplasia type 10","OMIM:615803"
"DOID:0112325","pontocerebellar hypoplasia type 14","OMIM:619301"
"DOID:0060055","popliteal pterygium syndrome","OMIM:119500|OMIM:263650"
"DOID:0060853","Potocki-Lupski syndrome","OMIM:610883"
"DOID:11983","Prader-Willi syndrome","OMIM:176270"
"DOID:10591","pre-eclampsia","OMIM:189800|OMIM:609402|OMIM:609403|OMIM:609404|OMIM:614592"
"DOID:0070293","primary autosomal recessive microcephaly 2 with or without cortical malformations","OMIM:604317"
"DOID:0110594","primary ciliary dyskinesia 1","OMIM:244400"
"DOID:0110612","primary ciliary dyskinesia 10","OMIM:612518"
"DOID:0110598","primary ciliary dyskinesia 14","OMIM:613807"
"DOID:0110608","primary ciliary dyskinesia 19","OMIM:614935"
"DOID:0110626","primary ciliary dyskinesia 2","OMIM:606763"
"DOID:0110596","primary ciliary dyskinesia 21","OMIM:615294"
"DOID:0110597","primary ciliary dyskinesia 22","OMIM:615444"
"DOID:0110609","primary ciliary dyskinesia 23","OMIM:615451"
"DOID:0110615","primary ciliary dyskinesia 25","OMIM:615482"
"DOID:0110599","primary ciliary dyskinesia 3","OMIM:608644"
"DOID:0110624","primary ciliary dyskinesia 30","OMIM:616037"
"DOID:0110619","primary ciliary dyskinesia 33","OMIM:616726"
"DOID:0110620","primary ciliary dyskinesia 35","OMIM:617092"
"DOID:0110605","primary ciliary dyskinesia 7","OMIM:611884"
"DOID:0070241","primary coenzyme Q10 deficiency 4","OMIM:612016"
"DOID:446","primary hyperaldosteronism","OMIM:605635|OMIM:613677"
"DOID:0111670","primary hyperoxaluria type 1","OMIM:259900"
"DOID:0111671","primary hyperoxaluria type 2","OMIM:260000"
"DOID:11202","primary hyperparathyroidism","OMIM:600166"
"DOID:612","primary immunodeficiency disease","OMIM:242850"
"DOID:1070","primary open angle glaucoma","OMIM:137760"
"DOID:0080869","primary ovarian insufficiency 12","OMIM:616947"
"DOID:0080870","primary ovarian insufficiency 13","OMIM:617442"
"DOID:0080873","primary ovarian insufficiency 16","OMIM:618723"
"DOID:0112278","primary ovarian insufficiency 19","OMIM:619245"
"DOID:14557","primary pulmonary hypertension","OMIM:178600|OMIM:265400|OMIM:615342|OMIM:615343|OMIM:615344"
"DOID:0060643","primary sclerosing cholangitis","OMIM:613806"
"DOID:3911","progeria","OMIM:176670"
"DOID:0111074","progressive familial heart block type IA","OMIM:113900"
"DOID:891","progressive myoclonus epilepsy","OMIM:310370"
"DOID:0111448","progressive myoclonus epilepsy 1B","OMIM:612437"
"DOID:0090004","progressive pseudorheumatoid arthropathy of childhood","OMIM:208230"
"DOID:0111666","proliferative vasculopathy and hydranencephaly-hydrocephaly syndrome","OMIM:225790"
"DOID:14701","propionic acidemia","OMIM:606054"
"DOID:10283","prostate cancer","OMIM:176807|OMIM:300147|OMIM:300704|OMIM:601518|OMIM:602759|OMIM:608656|OMIM:608658|OMIM:609299|OMIM:609558|OMIM:610321|OMIM:610997|OMIM:611100|OMIM:611868|OMIM:611928|OMIM:611955|OMIM:611958|OMIM:611959"
"DOID:13482","Proteus syndrome","OMIM:176920"
"DOID:0080047","pseudoachondroplasia","OMIM:177170"
"DOID:0080053","pseudohypoparathyroidism type 1A","OMIM:103580"
"DOID:4183","pseudopseudohypoparathyroidism","OMIM:612463"
"DOID:2738","pseudoxanthoma elasticum","OMIM:177850|OMIM:264800"
"DOID:0080475","psoriasis 2","OMIM:602723"
"DOID:12120","pulmonary alveolar proteinosis","OMIM:265120|OMIM:300770|OMIM:610913|OMIM:610921|OMIM:614370"
"DOID:9675","pulmonary emphysema","OMIM:130700"
"DOID:5813","purine nucleoside phosphorylase deficiency","OMIM:613179"
"DOID:0060642","recessive dystrophic epidermolysis bullosa","OMIM:226600"
"DOID:10582","Refsum disease","OMIM:266500"
"DOID:4450","renal cell carcinoma","OMIM:300854"
"DOID:0090006","renal coloboma syndrome","OMIM:120330"
"DOID:0060880","renal hypomagnesemia 3","OMIM:248250"
"DOID:14219","renal tubular acidosis","OMIM:267200"
"DOID:0060179","Renpenning syndrome","OMIM:309500"
"DOID:397","restrictive cardiomyopathy","OMIM:115210"
"DOID:10584","retinitis pigmentosa","OMIM:268000"
"DOID:0110390","retinitis pigmentosa 1","OMIM:180100"
"DOID:0110408","retinitis pigmentosa 11","OMIM:600138"
"DOID:0110358","retinitis pigmentosa 12","OMIM:600105"
"DOID:0110403","retinitis pigmentosa 13","OMIM:600059"
"DOID:0110381","retinitis pigmentosa 14","OMIM:600132"
"DOID:0110356","retinitis pigmentosa 18","OMIM:601414"
"DOID:0110354","retinitis pigmentosa 19","OMIM:601718"
"DOID:0110415","retinitis pigmentosa 2","OMIM:312600"
"DOID:0110353","retinitis pigmentosa 20","OMIM:613794"
"DOID:0110368","retinitis pigmentosa 26","OMIM:608380"
"DOID:0110365","retinitis pigmentosa 28","OMIM:606068"
"DOID:0110414","retinitis pigmentosa 3","OMIM:300029"
"DOID:0110406","retinitis pigmentosa 30","OMIM:607921"
"DOID:0110372","retinitis pigmentosa 4","OMIM:613731"
"DOID:0110375","retinitis pigmentosa 40","OMIM:613801"
"DOID:0110376","retinitis pigmentosa 41","OMIM:612095"
"DOID:0110377","retinitis pigmentosa 49","OMIM:613756"
"DOID:0110364","retinitis pigmentosa 54","OMIM:613428"
"DOID:0110371","retinitis pigmentosa 56","OMIM:613581"
"DOID:0110352","retinitis pigmentosa 59","OMIM:613861"
"DOID:0110383","retinitis pigmentosa 7","OMIM:608133"
"DOID:0080350","retinitis pigmentosa 77","OMIM:617304"
"DOID:0110419","retinitis pigmentosa with or without situs inversus","OMIM:615434"
"DOID:768","retinoblastoma","OMIM:180200"
"DOID:1206","Rett syndrome","OMIM:312750|OMIM:613454"
"DOID:7148","rheumatoid arthritis","OMIM:180300"
"DOID:0110851","rhizomelic chondrodysplasia punctata type 1","OMIM:215100"
"DOID:0110852","rhizomelic chondrodysplasia punctata type 2","OMIM:222765"
"DOID:0110853","rhizomelic chondrodysplasia punctata type 3","OMIM:600121"
"DOID:0090113","RIDDLE syndrome","OMIM:611943"
"DOID:0060856","right atrial isomerism","OMIM:208530"
"DOID:0110633","rigid spine muscular dystrophy 1","OMIM:602771"
"DOID:11589","Riley-Day syndrome","OMIM:223900"
"DOID:0060255","rippling muscle disease 2","OMIM:606072"
"DOID:2732","Rothmund-Thomson syndrome","OMIM:268400"
"DOID:1933","Rubinstein-Taybi syndrome","OMIM:180849|OMIM:610543|OMIM:613684"
"DOID:14768","Saethre-Chotzen syndrome","OMIM:101400|OMIM:180750"
"DOID:3323","Sandhoff disease","OMIM:268800"
"DOID:0112307","sarcosinemia","OMIM:268900"
"DOID:0111550","scalp-ear-nipple syndrome","OMIM:181270"
"DOID:0060253","scapuloperoneal myopathy","OMIM:300695"
"DOID:13300","Scheuermanns disease","OMIM:181440"
"DOID:0060490","Schimke immuno-osseous dysplasia","OMIM:242900"
"DOID:5419","schizophrenia","OMIM:181500"
"DOID:0070085","schizophrenia 9","OMIM:604906"
"DOID:0080021","Schmid metaphyseal chondrodysplasia","OMIM:156500"
"DOID:0050775","schneckenbecken dysplasia","OMIM:269250"
"DOID:0060456","Schnyder corneal dystrophy","OMIM:121800"
"DOID:0090005","Schwartz-Jampel syndrome 1","OMIM:255800"
"DOID:4297","scimitar syndrome","OMIM:106700"
"DOID:0060252","sclerocornea","OMIM:181700"
"DOID:0060756","sclerosteosis 1","OMIM:269500"
"DOID:0060757","sclerosteosis 2","OMIM:614305"
"DOID:0050576","Senior-Loken syndrome","OMIM:266900|OMIM:606995|OMIM:606996|OMIM:609254|OMIM:610189|OMIM:613615"
"DOID:0060857","septooptic dysplasia","OMIM:182230"
"DOID:0090014","severe combined immunodeficiency 104","OMIM:608971"
"DOID:0090013","severe combined immunodeficiency, autosomal recessive, T cell-negative, B cell-negative, Nk cell-positive","OMIM:601457"
"DOID:0090012","severe combined immunodeficiency with sensitivity to ionizing radiation","OMIM:602450"
"DOID:0080154","short chain acyl-CoA dehydrogenase deficiency","OMIM:201470"
"DOID:0050793","short QT syndrome","OMIM:609620|OMIM:609621|OMIM:609622"
"DOID:0110090","short-rib thoracic dysplasia 7 with or without polydactyly","OMIM:614091"
"DOID:0110097","short-rib thoracic dysplasia 9 with or without polydactyly","OMIM:266920"
"DOID:0111454","SHORT syndrome","OMIM:269880"
"DOID:0060479","Shwachman-Diamond syndrome","OMIM:260400"
"DOID:3659","sialuria","OMIM:269921|OMIM:604369"
"DOID:13884","sick sinus syndrome","OMIM:163800|OMIM:608567"
"DOID:0090032","Silverman-Handmaker type dyssegmental dysplasia","OMIM:224410"
"DOID:14681","Silver-Russell syndrome","OMIM:180860"
"DOID:0060248","Simpson-Golabi-Behmel syndrome type 1","OMIM:312870"
"DOID:12894","Sjogrens syndrome","OMIM:270150"
"DOID:8923","skin melanoma","OMIM:608035|OMIM:612263"
"DOID:14692","Smith-Lemli-Opitz syndrome","OMIM:270400"
"DOID:0060768","Smith-Magenis syndrome","OMIM:182290"
"DOID:0081271","Smith-McCort dysplasia 2","OMIM:615222"
"DOID:0090114","Sorsbys fundus dystrophy","OMIM:136900"
"DOID:0080036","SOST-related sclerosing bone dysplasia","OMIM:239100"
"DOID:0112102","Sotos syndrome 2","OMIM:614753"
"DOID:0070537","spastic tetraplegia, thin corpus callosum, and progressive microcephaly","OMIM:616657"
"DOID:0070170","spermatogenic failure 19","OMIM:617592"
"DOID:0070166","spermatogenic failure 20","OMIM:617593"
"DOID:0111929","spermatogenic failure 24","OMIM:617959"
"DOID:0111922","spermatogenic failure 31","OMIM:618112"
"DOID:0111926","spermatogenic failure 39","OMIM:618643"
"DOID:0111918","spermatogenic failure 40","OMIM:618664"
"DOID:0112164","spermatogenic failure 46","OMIM:619095"
"DOID:0112175","spermatogenic failure 47","OMIM:619102"
"DOID:0050954","spinocerebellar ataxia type 1","OMIM:164400"
"DOID:0050960","spinocerebellar ataxia type 10","OMIM:603516"
"DOID:0050964","spinocerebellar ataxia type 14","OMIM:605361"
"DOID:0050967","spinocerebellar ataxia type 17","OMIM:607136"
"DOID:0050955","spinocerebellar ataxia type 2","OMIM:183090"
"DOID:0050976","spinocerebellar ataxia type 27A","OMIM:193003"
"DOID:0050977","spinocerebellar ataxia type 28","OMIM:610246"
"DOID:0050882","spinocerebellar ataxia type 5","OMIM:600224"
"DOID:0050956","spinocerebellar ataxia type 6","OMIM:183086"
"DOID:0050958","spinocerebellar ataxia type 7","OMIM:164500"
"DOID:0090115","spinocerebellar ataxia with axonal neuropathy 1","OMIM:607250"
"DOID:0090021","split hand-foot malformation 1","OMIM:183600"
"DOID:0090116","spondylocarpotarsal synostosis syndrome","OMIM:272460"
"DOID:0050812","spondyloepimetaphyseal dysplasia, Pakistani type","OMIM:612847"
"DOID:14789","spondyloepiphyseal dysplasia congenita","OMIM:183900"
"DOID:0050817","Stargardt disease","OMIM:248200|OMIM:600110|OMIM:603786"
"DOID:9452","steatotic liver disease","OMIM:228100"
"DOID:13366","Stiff-Person syndrome","OMIM:184850"
"DOID:0111457","STING-associated vasculopathy with onset in infancy","OMIM:615934"
"DOID:10534","stomach cancer","OMIM:613659"
"DOID:0060354","Stormorken syndrome","OMIM:185070"
"DOID:0111169","subcortical band heterotopia","OMIM:600348"
"DOID:9007","sudden infant death syndrome","OMIM:272120"
"DOID:1929","supravalvular aortic stenosis","OMIM:185500"
"DOID:0111809","syndromic microphthalmia 2","OMIM:300166"
"DOID:0070538","syndromic X-linked intellectual developmental disorder bain type","OMIM:300986"
"DOID:0060800","syndromic X-linked intellectual disability 5","OMIM:304340"
"DOID:0060809","syndromic X-linked intellectual disability Claes-Jensen type","OMIM:300534"
"DOID:0060799","syndromic X-linked intellectual disability Lubs type","OMIM:300260"
"DOID:0060824","syndromic X-linked intellectual disability Raymond type","OMIM:300799"
"DOID:0060812","syndromic X-linked intellectual disability Siderius type","OMIM:300263"
"DOID:0060242","synpolydactyly","OMIM:186000|OMIM:608180|OMIM:610234"
"DOID:9074","systemic lupus erythematosus","OMIM:152700|OMIM:300809|OMIM:605480|OMIM:608437|OMIM:609903|OMIM:609939|OMIM:610065|OMIM:610066|OMIM:612254|OMIM:612378|OMIM:613145|OMIM:614420"
"DOID:14365","systemic primary carnitine deficiency disease","OMIM:212140"
"DOID:418","systemic scleroderma","OMIM:181750"
"DOID:1388","Tangier disease","OMIM:205400"
"DOID:0112339","Tatton-Brown-Rahman syndrome","OMIM:615879"
"DOID:3320","Tay-Sachs disease","OMIM:272800"
"DOID:0060769","T-cell immunodeficiency, congenital alopecia, and nail dystrophy","OMIM:601705"
"DOID:0080698","Teebi hypertelorism syndrome 1","OMIM:145420"
"DOID:6419","tetralogy of Fallot","OMIM:187500"
"DOID:13481","thanatophoric dysplasia","OMIM:187600|OMIM:187601|OMIM:273680"
"DOID:0090117","thiamine-responsive megaloblastic anemia syndrome","OMIM:249270"
"DOID:1588","thrombocytopenia","OMIM:188000|OMIM:273900|OMIM:300367|OMIM:313900|OMIM:612004"
"DOID:11633","thyroid hormone resistance syndrome","OMIM:188570|OMIM:274300"
"DOID:0111078","tibial muscular dystrophy","OMIM:600334"
"DOID:0090002","Tietz syndrome","OMIM:103500"
"DOID:0060173","Timothy syndrome","OMIM:601005"
"DOID:0090018","TNF receptor associated periodic syndrome","OMIM:142680"
"DOID:0050591","tooth agenesis","OMIM:106600|OMIM:150400|OMIM:313500|OMIM:602639|OMIM:604625|OMIM:610926"
"DOID:0060730","torsion dystonia 1","OMIM:128100"
"DOID:0090039","torsion dystonia 6","OMIM:602629"
"DOID:0050887","Townes-Brocks syndrome","OMIM:107480"
"DOID:0050638","transthyretin amyloidosis","OMIM:105210"
"DOID:14743","trichorhinophalangeal syndrome type I","OMIM:190350"
"DOID:0050587","trichotillomania","OMIM:613229"
"DOID:0080169","tricuspid atresia","OMIM:605067"
"DOID:12098","trigeminal neuralgia","OMIM:190400"
"DOID:0050884","triosephosphate isomerase deficiency","OMIM:615512"
"DOID:0050886","Troyer syndrome","OMIM:275900"
"DOID:0080089","tubular aggregate myopathy 1","OMIM:160565"
"DOID:0080686","tubular aggregate myopathy 2","OMIM:615883"
"DOID:9744","type 1 diabetes mellitus","OMIM:222100"
"DOID:0110741","type 1 diabetes mellitus 2","OMIM:125852"
"DOID:0110746","type 1 diabetes mellitus 7","OMIM:600321"
"DOID:9352","type 2 diabetes mellitus","OMIM:125853|OMIM:601283|OMIM:601407|OMIM:603694|OMIM:608036"
"DOID:0060785","typical adult-onset autosomal dominant demyelinating leukodystrophy","OMIM:169500"
"DOID:0050726","tyrosinemia type I","OMIM:276700"
"DOID:0050727","tyrosinemia type III","OMIM:276710"
"DOID:0060614","ulnar-mammary syndrome","OMIM:181450"
"DOID:11054","urinary bladder cancer","OMIM:109800"
"DOID:0050816","urofacial syndrome","OMIM:236730|OMIM:615112"
"DOID:0110826","Usher syndrome type 1","OMIM:276900"
"DOID:0110830","Usher syndrome type 1C","OMIM:276904"
"DOID:0110831","Usher syndrome type 1D","OMIM:601067"
"DOID:0110832","Usher syndrome type 1F","OMIM:602083"
"DOID:0110834","Usher syndrome type 1G","OMIM:606943"
"DOID:0110838","Usher syndrome type 2A","OMIM:276901"
"DOID:0110839","Usher syndrome type 2C","OMIM:605472"
"DOID:0110840","Usher syndrome type 2D","OMIM:611383"
"DOID:0110841","Usher syndrome type 3A","OMIM:276902"
"DOID:13223","uterine fibroid","OMIM:150699"
"DOID:6039","uveal melanoma","OMIM:155720|OMIM:606660|OMIM:606661"
"DOID:14679","VACTERL association","OMIM:192350|OMIM:276950"
"DOID:0060239","Van der Woude syndrome","OMIM:119300|OMIM:606713"
"DOID:4346","variegate porphyria","OMIM:176200"
"DOID:14756","vascular type Ehlers-Danlos syndrome","OMIM:130050"
"DOID:12583","velocardiofacial syndrome","OMIM:192430"
"DOID:0080155","very long chain acyl-CoA dehydrogenase deficiency","OMIM:201475"
"DOID:9620","vesicoureteral reflux","OMIM:193000|OMIM:314550|OMIM:610878|OMIM:613674|OMIM:614317|OMIM:614318|OMIM:614319|OMIM:614674|OMIM:615390|OMIM:615963"
"DOID:0111252","vestibular schwannomatosis","OMIM:101000"
"DOID:0050661","vitelliform macular dystrophy","OMIM:153700|OMIM:153840|OMIM:608161|OMIM:616151|OMIM:616152"
"DOID:14175","von Hippel-Lindau disease","OMIM:193300"
"DOID:0060574","von Willebrands disease 2","OMIM:613554"
"DOID:0110948","Waardenburg syndrome type 1","OMIM:193500"
"DOID:0110950","Waardenburg syndrome type 2A","OMIM:193510"
"DOID:0110953","Waardenburg syndrome type 4A","OMIM:277580"
"DOID:0110954","Waardenburg syndrome type 4B","OMIM:613265"
"DOID:0110955","Waardenburg syndrome type 4C","OMIM:613266"
"DOID:0110718","Warburg micro syndrome 3","OMIM:614222"
"DOID:0110719","Warburg micro syndrome 4","OMIM:615663"
"DOID:14731","Weaver syndrome","OMIM:277590"
"DOID:0050475","Weill-Marchesani syndrome","OMIM:277600|OMIM:608328|OMIM:613195|OMIM:614819"
"DOID:4258","Weissenbacher-Zweymuller syndrome","OMIM:261800"
"DOID:13137","Werdnig-Hoffmann disease","OMIM:253300"
"DOID:5688","Werner syndrome","OMIM:277700"
"DOID:0060591","WHIM syndrome 1","OMIM:193670"
"DOID:1928","Williams-Beuren syndrome","OMIM:194050"
"DOID:893","Wilson disease","OMIM:277900"
"DOID:9169","Wiskott-Aldrich syndrome","OMIM:301000"
"DOID:0090060","Wolcott-Rallison syndrome","OMIM:226980"
"DOID:384","Wolff-Parkinson-White syndrome","OMIM:194200"
"DOID:0050460","Wolf-Hirschhorn syndrome","OMIM:194190"
"DOID:0110629","Wolfram syndrome 1","OMIM:222300"
"DOID:14497","Wolman disease","OMIM:620151"
"DOID:0070453","xanthinuria type II","OMIM:603592"
"DOID:0110843","xeroderma pigmentosum group A","OMIM:278700"
"DOID:0110850","xeroderma pigmentosum group B","OMIM:610651"
"DOID:0110844","xeroderma pigmentosum group C","OMIM:278720"
"DOID:0110845","xeroderma pigmentosum group D","OMIM:278730"
"DOID:0110846","xeroderma pigmentosum group E","OMIM:278740"
"DOID:0110848","xeroderma pigmentosum group F","OMIM:278760"
"DOID:0110849","xeroderma pigmentosum group G","OMIM:278780"
"DOID:0110847","xeroderma pigmentosum variant type","OMIM:278750"
"DOID:0060590","XFE progeroid syndrome","OMIM:610965"
"DOID:0070055","Xia-Gibbs Syndrome","OMIM:615829"
"DOID:0080156","X-linked adrenal hypoplasia congenita","OMIM:300200"
"DOID:14179","X-linked agammaglobulinemia","OMIM:300755"
"DOID:0110034","X-linked Alport syndrome","OMIM:301050"
"DOID:0060292","X-linked chondrodysplasia punctata 1","OMIM:302950"
"DOID:0060613","X-linked cleft palate with or without ankyloglossia","OMIM:303400"
"DOID:0111008","X-linked cone-rod dystrophy 1","OMIM:304020"
"DOID:0111735","X-linked deafness 4","OMIM:300066"
"DOID:0110461","X-linked dilated cardiomyopathy","OMIM:302045"
"DOID:0111196","X-linked distal spinal muscular atrophy 3","OMIM:300489"
"DOID:0050445","X-linked hypophosphatemic rickets","OMIM:307800"
"DOID:0112056","X-linked intellectual disability-short stature-overweight syndrome","OMIM:300957"
"DOID:0060763","X-linked juvenile retinoschisis 1","OMIM:312700"
"DOID:0060705","X-linked lymphoproliferative syndrome 1","OMIM:308240"
"DOID:0081060","X-linked nephrogenic diabetes insipidus","OMIM:304800"
"DOID:0060589","Yunis-Varon syndrome","OMIM:216340"
"DOID:0070473","Zaki syndrome","OMIM:619648"
"DOID:0060953","ZTTK syndrome","OMIM:617140"
