"procedure_id","impc_parameter_orig_id"
"Proc_1","37882"
"Proc_1","37883"
"Proc_1","37884"
"Proc_1","37885"
"Proc_1","37886"
"Proc_1","37887"
"Proc_1","37888"
"Proc_1","37889"
"Proc_1","37890"
"Proc_1","37891"
"Proc_1","37892"
"Proc_1","37893"
"Proc_1","37894"
"Proc_1","37895"
"Proc_1","37896"
"Proc_1","37897"
"Proc_1","37898"
"Proc_1","37899"
"Proc_1","37900"
"Proc_1","37901"
"Proc_1","37902"
"Proc_1","37903"
"Proc_2","89737"
"Proc_2","89738"
"Proc_2","89739"
"Proc_2","89740"
"Proc_2","89741"
"Proc_2","89742"
"Proc_2","89743"
"Proc_2","89744"
"Proc_2","89745"
"Proc_2","89747"
"Proc_2","89748"
"Proc_2","89749"
"Proc_2","89750"
"Proc_2","89751"
"Proc_2","89752"
"Proc_2","89753"
"Proc_2","89754"
"Proc_2","89755"
"Proc_2","89756"
"Proc_2","89757"
"Proc_2","89758"
"Proc_2","89759"
"Proc_2","89760"
"Proc_2","89761"
"Proc_2","89762"
"Proc_2","89763"
"Proc_2","89764"
"Proc_2","89765"
"Proc_2","90855"
"Proc_2","90856"
"Proc_3","22110"
"Proc_3","22111"
"Proc_3","22112"
"Proc_3","22113"
"Proc_3","22114"
"Proc_3","22115"
"Proc_3","22116"
"Proc_3","22117"
"Proc_3","22118"
"Proc_3","22119"
"Proc_3","22120"
"Proc_3","22121"
"Proc_3","22122"
"Proc_3","22123"
"Proc_3","22124"
"Proc_3","22125"
"Proc_3","22126"
"Proc_3","22127"
"Proc_3","22128"
"Proc_3","22129"
"Proc_3","22130"
"Proc_3","22131"
"Proc_3","22132"
"Proc_3","22133"
"Proc_3","22134"
"Proc_3","22135"
"Proc_3","22136"
"Proc_3","22137"
"Proc_3","22138"
"Proc_3","22139"
"Proc_3","22140"
"Proc_3","22141"
"Proc_3","22142"
"Proc_3","22143"
"Proc_3","22144"
"Proc_3","22145"
"Proc_3","22146"
"Proc_3","22147"
"Proc_3","22148"
"Proc_3","22149"
"Proc_3","22150"
"Proc_3","22151"
"Proc_4","75512"
"Proc_4","75513"
"Proc_4","75514"
"Proc_4","75515"
"Proc_4","75516"
"Proc_4","75517"
"Proc_4","75518"
"Proc_4","75519"
"Proc_4","75520"
"Proc_4","75521"
"Proc_4","75522"
"Proc_4","75523"
"Proc_4","75524"
"Proc_4","75525"
"Proc_4","75526"
"Proc_4","75527"
"Proc_4","75528"
"Proc_4","75529"
"Proc_4","75530"
"Proc_4","75531"
"Proc_4","75532"
"Proc_4","75533"
"Proc_4","75534"
"Proc_4","75535"
"Proc_4","75536"
"Proc_4","75537"
"Proc_4","75538"
"Proc_4","75539"
"Proc_4","75540"
"Proc_4","75541"
"Proc_4","75542"
"Proc_4","75543"
"Proc_4","75544"
"Proc_4","75545"
"Proc_4","75546"
"Proc_4","75547"
"Proc_4","75548"
"Proc_4","75549"
"Proc_4","75550"
"Proc_4","75551"
"Proc_4","75552"
"Proc_4","75553"
"Proc_4","75554"
"Proc_4","75555"
"Proc_4","75556"
"Proc_4","75557"
"Proc_4","75558"
"Proc_4","75559"
"Proc_4","75560"
"Proc_4","75561"
"Proc_4","75562"
"Proc_4","75563"
"Proc_4","75564"
"Proc_4","75565"
"Proc_4","75566"
"Proc_4","75567"
"Proc_4","75568"
"Proc_4","75569"
"Proc_4","75570"
"Proc_4","75571"
"Proc_4","75572"
"Proc_4","75573"
"Proc_4","75574"
"Proc_4","75575"
"Proc_4","75576"
"Proc_4","75577"
"Proc_4","75578"
"Proc_4","75579"
"Proc_4","75580"
"Proc_4","75581"
"Proc_4","75582"
"Proc_4","75583"
"Proc_4","75584"
"Proc_4","75585"
"Proc_4","75586"
"Proc_4","75587"
"Proc_4","75588"
"Proc_4","75589"
"Proc_4","75590"
"Proc_4","75591"
"Proc_4","75592"
"Proc_4","75593"
"Proc_4","75594"
"Proc_4","75595"
"Proc_4","75596"
"Proc_4","75597"
"Proc_4","75598"
"Proc_4","75599"
"Proc_4","75600"
"Proc_4","75601"
"Proc_4","75602"
"Proc_4","75603"
"Proc_4","75604"
"Proc_4","75605"
"Proc_4","75606"
"Proc_4","75607"
"Proc_4","75608"
"Proc_4","75609"
"Proc_4","75610"
"Proc_4","75611"
"Proc_4","75612"
"Proc_4","75613"
"Proc_4","75614"
"Proc_4","75615"
"Proc_4","75616"
"Proc_4","75617"
"Proc_4","75618"
"Proc_4","75619"
"Proc_4","75620"
"Proc_4","75621"
"Proc_4","75622"
"Proc_4","75623"
"Proc_4","75624"
"Proc_4","75625"
"Proc_4","75626"
"Proc_4","75627"
"Proc_4","75628"
"Proc_4","75629"
"Proc_4","75630"
"Proc_4","75631"
"Proc_4","75632"
"Proc_4","75633"
"Proc_4","75634"
"Proc_4","75635"
"Proc_4","75636"
"Proc_4","75637"
"Proc_4","75638"
"Proc_4","75639"
"Proc_4","75640"
"Proc_4","75641"
"Proc_4","75642"
"Proc_4","75643"
"Proc_4","75644"
"Proc_4","75645"
"Proc_4","75646"
"Proc_4","75647"
"Proc_4","75648"
"Proc_4","75649"
"Proc_4","75650"
"Proc_4","75651"
"Proc_4","75652"
"Proc_4","75653"
"Proc_4","75654"
"Proc_4","75655"
"Proc_4","75656"
"Proc_4","75657"
"Proc_4","75658"
"Proc_4","75659"
"Proc_4","75660"
"Proc_4","75661"
"Proc_4","75662"
"Proc_4","75663"
"Proc_4","75664"
"Proc_4","75665"
"Proc_4","75666"
"Proc_4","75667"
"Proc_4","75668"
"Proc_4","75669"
"Proc_4","75670"
"Proc_4","75671"
"Proc_4","75672"
"Proc_4","75673"
"Proc_4","75674"
"Proc_4","75675"
"Proc_4","75676"
"Proc_4","75677"
"Proc_4","75678"
"Proc_4","75679"
"Proc_4","75680"
"Proc_4","75681"
"Proc_4","75682"
"Proc_4","75683"
"Proc_4","75684"
"Proc_4","75685"
"Proc_4","75686"
"Proc_4","75687"
"Proc_4","75688"
"Proc_4","75689"
"Proc_4","75690"
"Proc_4","75691"
"Proc_4","75692"
"Proc_4","75693"
"Proc_4","75694"
"Proc_4","75695"
"Proc_4","75696"
"Proc_4","75697"
"Proc_4","75698"
"Proc_4","75699"
"Proc_4","75700"
"Proc_4","75701"
"Proc_4","75702"
"Proc_4","75703"
"Proc_4","75704"
"Proc_4","75705"
"Proc_4","75706"
"Proc_4","75707"
"Proc_4","75708"
"Proc_4","75709"
"Proc_4","75710"
"Proc_4","75711"
"Proc_4","75712"
"Proc_4","75713"
"Proc_4","75714"
"Proc_4","75715"
"Proc_4","75716"
"Proc_4","75717"
"Proc_4","75718"
"Proc_4","75719"
"Proc_4","75720"
"Proc_4","75721"
"Proc_4","75722"
"Proc_4","75723"
"Proc_4","75724"
"Proc_4","75725"
"Proc_4","75726"
"Proc_4","75727"
"Proc_4","75728"
"Proc_4","75729"
"Proc_4","75730"
"Proc_4","75731"
"Proc_4","75732"
"Proc_4","75733"
"Proc_4","75734"
"Proc_4","75735"
"Proc_4","75736"
"Proc_4","75737"
"Proc_4","75738"
"Proc_4","75739"
"Proc_4","75740"
"Proc_4","75741"
"Proc_4","75742"
"Proc_4","75743"
"Proc_4","75744"
"Proc_4","75745"
"Proc_4","75746"
"Proc_4","75747"
"Proc_4","75748"
"Proc_4","75749"
"Proc_4","75750"
"Proc_4","75751"
"Proc_4","75752"
"Proc_4","75753"
"Proc_4","75754"
"Proc_4","75755"
"Proc_4","75756"
"Proc_4","75757"
"Proc_4","75758"
"Proc_4","75759"
"Proc_4","75760"
"Proc_4","75761"
"Proc_4","75762"
"Proc_4","75763"
"Proc_4","75764"
"Proc_4","75765"
"Proc_4","75766"
"Proc_4","75767"
"Proc_4","75768"
"Proc_4","75769"
"Proc_4","75770"
"Proc_4","75771"
"Proc_4","75772"
"Proc_4","75773"
"Proc_4","75774"
"Proc_4","75775"
"Proc_4","75776"
"Proc_4","75777"
"Proc_4","75778"
"Proc_4","75779"
"Proc_4","75780"
"Proc_4","75781"
"Proc_4","75782"
"Proc_4","75783"
"Proc_4","75784"
"Proc_4","75785"
"Proc_4","75786"
"Proc_4","75787"
"Proc_4","75788"
"Proc_4","75789"
"Proc_4","75790"
"Proc_4","75791"
"Proc_4","75792"
"Proc_4","75793"
"Proc_4","75794"
"Proc_4","75795"
"Proc_4","75796"
"Proc_4","75797"
"Proc_4","75798"
"Proc_4","75799"
"Proc_4","75800"
"Proc_4","75801"
"Proc_4","75802"
"Proc_4","75803"
"Proc_4","75804"
"Proc_4","75805"
"Proc_4","75806"
"Proc_4","75807"
"Proc_4","75808"
"Proc_4","75809"
"Proc_4","75810"
"Proc_4","75811"
"Proc_4","75812"
"Proc_4","75813"
"Proc_4","75814"
"Proc_4","75815"
"Proc_4","75816"
"Proc_4","75817"
"Proc_4","75818"
"Proc_4","75819"
"Proc_4","75820"
"Proc_4","75821"
"Proc_4","75822"
"Proc_4","75823"
"Proc_4","75824"
"Proc_4","75825"
"Proc_4","75826"
"Proc_4","75827"
"Proc_4","75828"
"Proc_4","75829"
"Proc_4","75830"
"Proc_4","75831"
"Proc_4","75832"
"Proc_4","75833"
"Proc_4","75834"
"Proc_4","75835"
"Proc_4","75836"
"Proc_4","75837"
"Proc_4","75838"
"Proc_4","75839"
"Proc_4","75840"
"Proc_4","75841"
"Proc_4","75842"
"Proc_4","75843"
"Proc_4","75844"
"Proc_4","75845"
"Proc_4","75846"
"Proc_4","75847"
"Proc_4","75848"
"Proc_4","75849"
"Proc_4","75850"
"Proc_4","75851"
"Proc_4","75852"
"Proc_4","75853"
"Proc_4","75854"
"Proc_4","75855"
"Proc_4","75856"
"Proc_4","75857"
"Proc_4","75858"
"Proc_4","75859"
"Proc_4","75860"
"Proc_4","75861"
"Proc_4","75862"
"Proc_4","75863"
"Proc_4","75864"
"Proc_4","75865"
"Proc_4","75866"
"Proc_4","75867"
"Proc_4","75868"
"Proc_4","75869"
"Proc_4","75870"
"Proc_4","75871"
"Proc_4","75872"
"Proc_4","75873"
"Proc_4","75874"
"Proc_4","75875"
"Proc_4","75876"
"Proc_4","75877"
"Proc_4","75878"
"Proc_4","75879"
"Proc_4","75880"
"Proc_4","75881"
"Proc_4","75882"
"Proc_4","75883"
"Proc_4","75884"
"Proc_4","75885"
"Proc_4","75886"
"Proc_4","75887"
"Proc_4","75888"
"Proc_4","75889"
"Proc_4","75890"
"Proc_4","75891"
"Proc_4","75892"
"Proc_4","85609"
"Proc_5","67597"
"Proc_5","67598"
"Proc_5","67599"
"Proc_5","67600"
"Proc_5","74120"
"Proc_6","42538"
"Proc_6","42539"
"Proc_6","42540"
"Proc_6","42541"
"Proc_6","42542"
"Proc_6","42543"
"Proc_6","42544"
"Proc_6","42545"
"Proc_6","42546"
"Proc_6","42547"
"Proc_6","42548"
"Proc_6","42549"
"Proc_6","42550"
"Proc_6","42551"
"Proc_6","42552"
"Proc_6","42553"
"Proc_6","42554"
"Proc_6","42555"
"Proc_6","42556"
"Proc_6","42557"
"Proc_6","42558"
"Proc_6","42559"
"Proc_6","42560"
"Proc_6","42561"
"Proc_6","42562"
"Proc_6","42563"
"Proc_6","42564"
"Proc_6","42565"
"Proc_6","42566"
"Proc_6","42567"
"Proc_6","42568"
"Proc_6","42569"
"Proc_6","42570"
"Proc_6","42571"
"Proc_6","42572"
"Proc_6","42573"
"Proc_6","42574"
"Proc_6","42575"
"Proc_6","42576"
"Proc_6","42577"
"Proc_6","42578"
"Proc_6","42579"
"Proc_7","89677"
"Proc_7","89678"
"Proc_7","89679"
"Proc_7","89680"
"Proc_7","89681"
"Proc_7","89682"
"Proc_7","89683"
"Proc_7","89684"
"Proc_7","89685"
"Proc_7","89686"
"Proc_7","89687"
"Proc_7","89688"
"Proc_7","89689"
"Proc_7","89690"
"Proc_7","89691"
"Proc_7","89692"
"Proc_7","89693"
"Proc_7","89694"
"Proc_7","89695"
"Proc_7","89696"
"Proc_7","89697"
"Proc_7","89698"
"Proc_7","89699"
"Proc_7","89700"
"Proc_7","89701"
"Proc_7","89702"
"Proc_7","89703"
"Proc_7","89704"
"Proc_7","89705"
"Proc_7","89706"
"Proc_7","89707"
"Proc_7","89708"
"Proc_7","89709"
"Proc_7","89710"
"Proc_7","89711"
"Proc_7","89712"
"Proc_7","89713"
"Proc_7","89714"
"Proc_7","89715"
"Proc_7","89716"
"Proc_7","89717"
"Proc_7","89718"
"Proc_7","89719"
"Proc_7","89720"
"Proc_7","90854"
"Proc_8","29774"
"Proc_8","29775"
"Proc_8","29776"
"Proc_8","29777"
"Proc_8","29778"
"Proc_8","29779"
"Proc_8","29780"
"Proc_8","29781"
"Proc_8","29782"
"Proc_8","29783"
"Proc_8","29784"
"Proc_8","29785"
"Proc_8","29786"
"Proc_8","29787"
"Proc_8","29788"
"Proc_8","29789"
"Proc_8","29790"
"Proc_8","29791"
"Proc_8","29792"
"Proc_8","29793"
"Proc_8","29794"
"Proc_8","29795"
"Proc_8","29796"
"Proc_8","29797"
"Proc_8","29798"
"Proc_8","29799"
"Proc_8","29800"
"Proc_8","29801"
"Proc_8","29802"
"Proc_8","29803"
"Proc_8","29804"
"Proc_8","29805"
"Proc_8","29806"
"Proc_8","29807"
"Proc_8","29808"
"Proc_8","29809"
"Proc_8","29810"
"Proc_8","29811"
"Proc_8","29812"
"Proc_8","29813"
"Proc_8","29814"
"Proc_8","29815"
"Proc_9","91489"
"Proc_9","91490"
"Proc_9","91491"
"Proc_9","91492"
"Proc_9","91493"
"Proc_9","91494"
"Proc_9","91495"
"Proc_9","91496"
"Proc_9","91497"
"Proc_9","91498"
"Proc_9","91499"
"Proc_9","91500"
"Proc_9","91501"
"Proc_9","91502"
"Proc_9","91503"
"Proc_9","91504"
"Proc_9","91505"
"Proc_9","91506"
"Proc_9","91507"
"Proc_9","91571"
"Proc_9","91572"
"Proc_9","91573"
"Proc_9","91574"
"Proc_9","91575"
"Proc_9","91576"
"Proc_9","91577"
"Proc_10","27320"
"Proc_10","27321"
"Proc_10","27322"
"Proc_10","27323"
"Proc_10","27324"
"Proc_10","27325"
"Proc_10","27326"
"Proc_10","27327"
"Proc_10","27328"
"Proc_10","27329"
"Proc_10","27330"
"Proc_10","27331"
"Proc_10","27332"
"Proc_10","27333"
"Proc_10","27334"
"Proc_10","27335"
"Proc_10","27336"
"Proc_10","27337"
"Proc_10","27338"
"Proc_10","27339"
"Proc_10","27340"
"Proc_10","27341"
"Proc_10","27342"
"Proc_10","92844"
"Proc_10","92845"
"Proc_11","38099"
"Proc_11","38100"
"Proc_11","38101"
"Proc_11","38102"
"Proc_11","38103"
"Proc_11","38104"
"Proc_11","38105"
"Proc_11","38106"
"Proc_11","38107"
"Proc_11","38108"
"Proc_11","38109"
"Proc_11","38110"
"Proc_11","38111"
"Proc_11","38112"
"Proc_11","38113"
"Proc_11","38114"
"Proc_11","38115"
"Proc_11","38116"
"Proc_11","38117"
"Proc_11","38118"
"Proc_11","38119"
"Proc_11","38120"
"Proc_11","38121"
"Proc_11","38122"
"Proc_11","38123"
"Proc_11","38124"
"Proc_11","38125"
"Proc_11","38126"
"Proc_11","38127"
"Proc_11","38128"
"Proc_11","38129"
"Proc_11","38130"
"Proc_11","38131"
"Proc_11","38132"
"Proc_11","38133"
"Proc_11","38134"
"Proc_11","38135"
"Proc_11","38136"
"Proc_11","38137"
"Proc_11","38138"
"Proc_11","38139"
"Proc_11","38140"
"Proc_11","38141"
"Proc_11","38142"
"Proc_11","38143"
"Proc_11","38144"
"Proc_11","38145"
"Proc_11","38146"
"Proc_11","38147"
"Proc_11","38148"
"Proc_11","38149"
"Proc_11","38150"
"Proc_11","38151"
"Proc_11","38152"
"Proc_11","38153"
"Proc_11","38154"
"Proc_11","38155"
"Proc_11","38156"
"Proc_11","38157"
"Proc_11","38158"
"Proc_11","38159"
"Proc_11","38160"
"Proc_11","38161"
"Proc_11","38162"
"Proc_11","38163"
"Proc_11","38164"
"Proc_11","38165"
"Proc_11","38166"
"Proc_11","38167"
"Proc_11","38168"
"Proc_11","38169"
"Proc_11","38170"
"Proc_11","38171"
"Proc_11","38172"
"Proc_11","38173"
"Proc_11","38174"
"Proc_11","38175"
"Proc_11","38176"
"Proc_11","38177"
"Proc_11","38178"
"Proc_11","38179"
"Proc_11","38180"
"Proc_11","38181"
"Proc_11","38182"
"Proc_11","38183"
"Proc_11","38184"
"Proc_12","51545"
"Proc_12","51546"
"Proc_12","51547"
"Proc_12","51548"
"Proc_12","51549"
"Proc_12","51550"
"Proc_12","51551"
"Proc_12","51552"
"Proc_12","51553"
"Proc_12","51554"
"Proc_12","51555"
"Proc_12","51556"
"Proc_12","51557"
"Proc_12","51558"
"Proc_12","51559"
"Proc_12","51560"
"Proc_12","51561"
"Proc_12","51562"
"Proc_12","51563"
"Proc_12","51564"
"Proc_12","51565"
"Proc_12","51566"
"Proc_12","51567"
"Proc_12","51568"
"Proc_12","51569"
"Proc_12","51570"
"Proc_12","51571"
"Proc_12","51572"
"Proc_12","51573"
"Proc_12","51574"
"Proc_12","51575"
"Proc_12","51576"
"Proc_12","51577"
"Proc_12","51578"
"Proc_12","51579"
"Proc_12","51580"
"Proc_12","51581"
"Proc_12","51582"
"Proc_12","51583"
"Proc_12","51584"
"Proc_12","51585"
"Proc_12","51586"
"Proc_12","51587"
"Proc_12","51588"
"Proc_12","51589"
"Proc_12","51590"
"Proc_12","51591"
"Proc_12","51592"
"Proc_12","51593"
"Proc_12","51594"
"Proc_12","51595"
"Proc_12","51596"
"Proc_12","51597"
"Proc_12","51598"
"Proc_12","51599"
"Proc_12","51600"
"Proc_12","51601"
"Proc_12","51602"
"Proc_12","51603"
"Proc_12","51604"
"Proc_12","51605"
"Proc_12","51606"
"Proc_12","51607"
"Proc_12","51608"
"Proc_12","51609"
"Proc_12","51610"
"Proc_12","51611"
"Proc_12","51612"
"Proc_12","51613"
"Proc_12","51614"
"Proc_12","51615"
"Proc_12","51616"
"Proc_12","51617"
"Proc_12","51618"
"Proc_12","51619"
"Proc_12","51620"
"Proc_12","51621"
"Proc_12","51622"
"Proc_12","51623"
"Proc_12","51624"
"Proc_12","51625"
"Proc_12","51626"
"Proc_12","51627"
"Proc_12","51628"
"Proc_12","51629"
"Proc_12","51630"
"Proc_12","51631"
"Proc_12","51632"
"Proc_12","51633"
"Proc_12","51634"
"Proc_12","51635"
"Proc_12","51636"
"Proc_12","51637"
"Proc_12","51638"
"Proc_12","51639"
"Proc_12","51640"
"Proc_12","51641"
"Proc_12","51642"
"Proc_12","51643"
"Proc_12","51644"
"Proc_12","51645"
"Proc_12","51646"
"Proc_12","51647"
"Proc_12","51648"
"Proc_12","67026"
"Proc_12","67033"
"Proc_12","67034"
"Proc_12","85373"
"Proc_13","19236"
"Proc_13","19237"
"Proc_13","19238"
"Proc_13","19239"
"Proc_13","19240"
"Proc_13","19241"
"Proc_13","19242"
"Proc_13","19243"
"Proc_13","19244"
"Proc_13","19245"
"Proc_13","19246"
"Proc_13","19247"
"Proc_13","19248"
"Proc_13","19249"
"Proc_13","19250"
"Proc_13","19251"
"Proc_13","19252"
"Proc_13","19253"
"Proc_13","19254"
"Proc_13","19255"
"Proc_13","19256"
"Proc_13","19257"
"Proc_13","19258"
"Proc_13","19259"
"Proc_13","19260"
"Proc_13","19261"
"Proc_13","19262"
"Proc_13","19263"
"Proc_13","19264"
"Proc_13","19265"
"Proc_13","19266"
"Proc_13","19267"
"Proc_13","19268"
"Proc_13","19269"
"Proc_13","19270"
"Proc_13","19271"
"Proc_13","19272"
"Proc_13","19273"
"Proc_13","19274"
"Proc_13","19275"
"Proc_13","19276"
"Proc_13","19277"
"Proc_13","19278"
"Proc_13","19279"
"Proc_13","19280"
"Proc_13","19281"
"Proc_13","19282"
"Proc_13","19283"
"Proc_13","19284"
"Proc_13","19285"
"Proc_13","19286"
"Proc_13","19287"
"Proc_13","19288"
"Proc_13","19289"
"Proc_13","19290"
"Proc_13","19291"
"Proc_13","19292"
"Proc_13","19293"
"Proc_13","19294"
"Proc_13","19295"
"Proc_13","19296"
"Proc_13","19297"
"Proc_13","19298"
"Proc_13","19299"
"Proc_13","19300"
"Proc_13","19301"
"Proc_13","19302"
"Proc_13","19303"
"Proc_13","57175"
"Proc_13","57176"
"Proc_13","57177"
"Proc_13","57178"
"Proc_13","57179"
"Proc_13","57180"
"Proc_11","31881"
"Proc_11","31882"
"Proc_11","31883"
"Proc_11","31884"
"Proc_11","31885"
"Proc_11","31886"
"Proc_11","31887"
"Proc_11","31888"
"Proc_11","31889"
"Proc_11","31890"
"Proc_11","31891"
"Proc_11","31892"
"Proc_11","31893"
"Proc_11","31894"
"Proc_11","31895"
"Proc_11","31896"
"Proc_11","31897"
"Proc_11","31898"
"Proc_11","31899"
"Proc_11","31900"
"Proc_11","31901"
"Proc_11","31902"
"Proc_11","31903"
"Proc_11","31904"
"Proc_11","31905"
"Proc_11","31906"
"Proc_11","31907"
"Proc_11","31908"
"Proc_11","31909"
"Proc_11","31910"
"Proc_11","31911"
"Proc_11","31912"
"Proc_11","31913"
"Proc_11","31914"
"Proc_11","31915"
"Proc_11","31916"
"Proc_11","31917"
"Proc_11","31918"
"Proc_11","31919"
"Proc_11","31920"
"Proc_11","31921"
"Proc_11","31922"
"Proc_11","31923"
"Proc_11","31924"
"Proc_11","31925"
"Proc_11","31926"
"Proc_11","31927"
"Proc_11","31928"
"Proc_11","31929"
"Proc_11","31930"
"Proc_11","31931"
"Proc_11","31932"
"Proc_11","31933"
"Proc_11","31934"
"Proc_11","31935"
"Proc_11","31936"
"Proc_11","31937"
"Proc_11","31938"
"Proc_11","31939"
"Proc_11","31940"
"Proc_11","31941"
"Proc_11","31942"
"Proc_11","31943"
"Proc_11","31944"
"Proc_11","31945"
"Proc_11","31946"
"Proc_11","31947"
"Proc_11","31948"
"Proc_11","31949"
"Proc_11","31950"
"Proc_11","31951"
"Proc_11","31952"
"Proc_11","31953"
"Proc_11","31954"
"Proc_11","31955"
"Proc_11","31956"
"Proc_11","31957"
"Proc_11","31958"
"Proc_11","31959"
"Proc_11","31960"
"Proc_11","31961"
"Proc_11","31962"
"Proc_11","31963"
"Proc_11","31964"
"Proc_11","31965"
"Proc_11","31966"
"Proc_11","31967"
"Proc_14","36285"
"Proc_14","36286"
"Proc_14","36287"
"Proc_14","36288"
"Proc_14","36289"
"Proc_14","36290"
"Proc_14","36291"
"Proc_14","36292"
"Proc_14","36293"
"Proc_14","36294"
"Proc_14","36295"
"Proc_14","36296"
"Proc_14","36297"
"Proc_14","36298"
"Proc_14","36299"
"Proc_14","36300"
"Proc_14","36301"
"Proc_14","36302"
"Proc_14","36303"
"Proc_14","36304"
"Proc_14","36305"
"Proc_14","36306"
"Proc_14","36307"
"Proc_14","36308"
"Proc_14","36309"
"Proc_14","36310"
"Proc_14","36311"
"Proc_15","42916"
"Proc_15","42917"
"Proc_15","42918"
"Proc_15","42919"
"Proc_15","42920"
"Proc_15","42921"
"Proc_15","42922"
"Proc_15","42923"
"Proc_15","42924"
"Proc_15","42925"
"Proc_15","42926"
"Proc_15","42927"
"Proc_15","42928"
"Proc_15","42929"
"Proc_15","42930"
"Proc_15","42931"
"Proc_15","42932"
"Proc_15","42933"
"Proc_15","42934"
"Proc_15","42935"
"Proc_15","42936"
"Proc_15","42937"
"Proc_15","42938"
"Proc_15","42939"
"Proc_15","42940"
"Proc_15","42941"
"Proc_15","42942"
"Proc_15","42943"
"Proc_15","42944"
"Proc_15","42945"
"Proc_15","42946"
"Proc_15","42947"
"Proc_15","42948"
"Proc_15","42949"
"Proc_15","42950"
"Proc_15","42951"
"Proc_15","42952"
"Proc_15","42953"
"Proc_15","42954"
"Proc_15","42955"
"Proc_15","42956"
"Proc_15","42957"
"Proc_15","42958"
"Proc_15","42959"
"Proc_15","42960"
"Proc_15","42961"
"Proc_15","42962"
"Proc_15","42963"
"Proc_15","42964"
"Proc_15","42965"
"Proc_15","42966"
"Proc_15","42967"
"Proc_15","42968"
"Proc_15","42969"
"Proc_15","42970"
"Proc_15","42971"
"Proc_15","42972"
"Proc_15","42973"
"Proc_15","42974"
"Proc_16","40655"
"Proc_16","40656"
"Proc_16","40657"
"Proc_16","40658"
"Proc_16","40659"
"Proc_16","40660"
"Proc_16","40661"
"Proc_16","40662"
"Proc_16","40663"
"Proc_16","40664"
"Proc_16","40665"
"Proc_16","40666"
"Proc_17","52053"
"Proc_17","52054"
"Proc_17","52055"
"Proc_17","52056"
"Proc_17","52057"
"Proc_17","52058"
"Proc_17","52059"
"Proc_17","52060"
"Proc_17","52061"
"Proc_17","52062"
"Proc_17","52063"
"Proc_17","52064"
"Proc_17","52065"
"Proc_17","52067"
"Proc_17","52068"
"Proc_17","52069"
"Proc_17","52070"
"Proc_17","52071"
"Proc_17","52072"
"Proc_17","52073"
"Proc_17","52074"
"Proc_17","52075"
"Proc_17","52076"
"Proc_17","52077"
"Proc_17","52078"
"Proc_17","52079"
"Proc_17","52080"
"Proc_17","52081"
"Proc_18","52084"
"Proc_18","52085"
"Proc_18","52086"
"Proc_18","52087"
"Proc_18","52088"
"Proc_18","52089"
"Proc_18","52090"
"Proc_18","52091"
"Proc_18","52092"
"Proc_18","52093"
"Proc_18","52094"
"Proc_18","52095"
"Proc_18","52096"
"Proc_18","52097"
"Proc_18","52098"
"Proc_18","52099"
"Proc_18","52100"
"Proc_18","52101"
"Proc_18","52102"
"Proc_18","52103"
"Proc_18","52104"
"Proc_18","52105"
"Proc_18","52106"
"Proc_18","52107"
"Proc_18","52108"
"Proc_18","52109"
"Proc_18","52110"
"Proc_18","52111"
"Proc_18","52112"
"Proc_18","52113"
"Proc_18","52114"
"Proc_18","67722"
"Proc_18","67723"
"Proc_18","67724"
"Proc_19","45824"
"Proc_19","45825"
"Proc_19","45826"
"Proc_19","45827"
"Proc_19","45828"
"Proc_19","45829"
"Proc_19","45830"
"Proc_19","45831"
"Proc_19","45832"
"Proc_19","45833"
"Proc_19","45834"
"Proc_19","45835"
"Proc_19","45836"
"Proc_19","45837"
"Proc_19","45838"
"Proc_19","45839"
"Proc_19","45840"
"Proc_19","45841"
"Proc_19","45842"
"Proc_19","45843"
"Proc_19","45844"
"Proc_19","45845"
"Proc_19","45846"
"Proc_19","45847"
"Proc_19","45848"
"Proc_19","45849"
"Proc_19","45850"
"Proc_19","45851"
"Proc_19","45852"
"Proc_19","45853"
"Proc_19","45854"
"Proc_19","45855"
"Proc_19","45856"
"Proc_19","45857"
"Proc_19","45858"
"Proc_19","45859"
"Proc_19","45860"
"Proc_19","45861"
"Proc_19","45862"
"Proc_19","45863"
"Proc_19","45864"
"Proc_19","45865"
"Proc_19","45866"
"Proc_19","45867"
"Proc_19","45868"
"Proc_20","17722"
"Proc_20","17723"
"Proc_20","17724"
"Proc_20","17725"
"Proc_20","17726"
"Proc_20","17727"
"Proc_20","17728"
"Proc_20","17729"
"Proc_20","17730"
"Proc_20","17731"
"Proc_20","17732"
"Proc_20","17733"
"Proc_20","17734"
"Proc_20","17735"
"Proc_20","17736"
"Proc_20","17737"
"Proc_20","17738"
"Proc_20","17739"
"Proc_20","17740"
"Proc_20","17741"
"Proc_20","17742"
"Proc_20","17743"
"Proc_20","17744"
"Proc_20","17745"
"Proc_20","17746"
"Proc_20","17747"
"Proc_20","17748"
"Proc_20","17749"
"Proc_20","17750"
"Proc_20","17751"
"Proc_20","17752"
"Proc_20","17753"
"Proc_20","17754"
"Proc_20","17755"
"Proc_20","17756"
"Proc_20","17757"
"Proc_20","17758"
"Proc_20","17759"
"Proc_20","17760"
"Proc_21","32643"
"Proc_21","32644"
"Proc_21","32645"
"Proc_21","32646"
"Proc_21","32647"
"Proc_21","32648"
"Proc_21","32649"
"Proc_21","32650"
"Proc_21","32651"
"Proc_21","32652"
"Proc_21","32653"
"Proc_21","32654"
"Proc_21","32655"
"Proc_21","32656"
"Proc_21","32657"
"Proc_21","32658"
"Proc_21","32659"
"Proc_21","32660"
"Proc_21","32661"
"Proc_21","32662"
"Proc_21","32663"
"Proc_21","32664"
"Proc_21","32665"
"Proc_21","32666"
"Proc_21","32667"
"Proc_21","32668"
"Proc_21","32669"
"Proc_21","32670"
"Proc_21","32671"
"Proc_21","32672"
"Proc_21","32673"
"Proc_21","32674"
"Proc_21","32675"
"Proc_21","32676"
"Proc_21","32677"
"Proc_21","32678"
"Proc_21","32679"
"Proc_21","32680"
"Proc_21","32681"
"Proc_21","32682"
"Proc_21","32683"
"Proc_21","32684"
"Proc_21","32685"
"Proc_21","32686"
"Proc_21","32687"
"Proc_21","32688"
"Proc_21","32689"
"Proc_21","32690"
"Proc_21","32691"
"Proc_21","32692"
"Proc_21","32693"
"Proc_21","32694"
"Proc_21","32695"
"Proc_21","32696"
"Proc_21","32697"
"Proc_21","32698"
"Proc_21","32699"
"Proc_21","32700"
"Proc_21","32701"
"Proc_21","32702"
"Proc_21","32703"
"Proc_21","32704"
"Proc_21","32705"
"Proc_21","32706"
"Proc_21","32707"
"Proc_21","32708"
"Proc_21","32709"
"Proc_21","32710"
"Proc_21","32711"
"Proc_21","32712"
"Proc_21","32713"
"Proc_21","32714"
"Proc_21","32715"
"Proc_21","32716"
"Proc_21","32717"
"Proc_21","32718"
"Proc_21","32719"
"Proc_21","32720"
"Proc_21","32721"
"Proc_21","32722"
"Proc_21","32723"
"Proc_21","32724"
"Proc_21","32725"
"Proc_21","32726"
"Proc_21","32727"
"Proc_21","32728"
"Proc_21","32729"
"Proc_21","32730"
"Proc_21","32731"
"Proc_21","32732"
"Proc_21","32733"
"Proc_21","32734"
"Proc_22","40745"
"Proc_22","40746"
"Proc_22","40747"
"Proc_22","40748"
"Proc_22","40749"
"Proc_22","40750"
"Proc_22","40751"
"Proc_22","40752"
"Proc_22","40753"
"Proc_22","40754"
"Proc_22","40755"
"Proc_22","40756"
"Proc_22","40757"
"Proc_22","40758"
"Proc_22","40759"
"Proc_22","40760"
"Proc_22","40761"
"Proc_23","46202"
"Proc_23","46203"
"Proc_23","46204"
"Proc_23","46205"
"Proc_23","46206"
"Proc_23","46207"
"Proc_23","46208"
"Proc_23","46209"
"Proc_23","46210"
"Proc_23","46211"
"Proc_23","46212"
"Proc_23","46213"
"Proc_23","46214"
"Proc_23","46215"
"Proc_23","46216"
"Proc_23","46217"
"Proc_23","46218"
"Proc_23","46219"
"Proc_23","46220"
"Proc_23","46221"
"Proc_23","46222"
"Proc_23","46223"
"Proc_23","46224"
"Proc_23","46225"
"Proc_23","46226"
"Proc_23","46227"
"Proc_23","46228"
"Proc_23","46229"
"Proc_23","46230"
"Proc_23","46231"
"Proc_23","46232"
"Proc_23","46233"
"Proc_23","46234"
"Proc_23","46235"
"Proc_23","46236"
"Proc_23","46237"
"Proc_23","46238"
"Proc_23","46239"
"Proc_23","46240"
"Proc_23","46241"
"Proc_23","46242"
"Proc_23","46243"
"Proc_23","46244"
"Proc_23","46245"
"Proc_23","46246"
"Proc_23","46247"
"Proc_23","46248"
"Proc_23","46249"
"Proc_23","46250"
"Proc_23","46251"
"Proc_23","46252"
"Proc_23","46253"
"Proc_23","46254"
"Proc_24","72219"
"Proc_24","72220"
"Proc_24","72221"
"Proc_24","72222"
"Proc_24","72223"
"Proc_24","72224"
"Proc_24","72225"
"Proc_24","72226"
"Proc_24","72227"
"Proc_24","72228"
"Proc_24","72229"
"Proc_24","72230"
"Proc_24","72231"
"Proc_24","72232"
"Proc_24","72233"
"Proc_24","72234"
"Proc_24","72235"
"Proc_24","72236"
"Proc_24","72237"
"Proc_24","72238"
"Proc_24","72239"
"Proc_24","72240"
"Proc_24","72241"
"Proc_24","72242"
"Proc_24","72243"
"Proc_24","72244"
"Proc_24","72245"
"Proc_24","72246"
"Proc_24","72247"
"Proc_24","72248"
"Proc_24","72249"
"Proc_24","72250"
"Proc_24","72251"
"Proc_24","72252"
"Proc_24","72253"
"Proc_24","72254"
"Proc_24","72255"
"Proc_24","72256"
"Proc_24","72257"
"Proc_24","72258"
"Proc_24","72259"
"Proc_24","72260"
"Proc_24","72261"
"Proc_24","72262"
"Proc_24","72263"
"Proc_24","72264"
"Proc_24","72265"
"Proc_24","72266"
"Proc_24","72267"
"Proc_24","72268"
"Proc_24","72269"
"Proc_24","72270"
"Proc_24","72271"
"Proc_24","72272"
"Proc_24","72273"
"Proc_24","72274"
"Proc_24","72275"
"Proc_24","72276"
"Proc_16","72162"
"Proc_16","72163"
"Proc_16","72164"
"Proc_16","72165"
"Proc_16","72166"
"Proc_16","72167"
"Proc_16","72168"
"Proc_16","72169"
"Proc_16","72170"
"Proc_16","72171"
"Proc_16","72172"
"Proc_16","72173"
"Proc_16","72174"
"Proc_16","72175"
"Proc_16","72176"
"Proc_16","72177"
"Proc_16","72178"
"Proc_16","72179"
"Proc_16","72180"
"Proc_16","72181"
"Proc_16","72182"
"Proc_16","72183"
"Proc_16","72184"
"Proc_16","72185"
"Proc_16","72186"
"Proc_16","72187"
"Proc_16","72188"
"Proc_16","72189"
"Proc_16","72190"
"Proc_16","72191"
"Proc_16","72192"
"Proc_16","72193"
"Proc_16","72194"
"Proc_16","72195"
"Proc_16","72196"
"Proc_16","72197"
"Proc_16","72198"
"Proc_16","72199"
"Proc_16","72200"
"Proc_16","72201"
"Proc_16","72202"
"Proc_16","72203"
"Proc_16","72204"
"Proc_16","72205"
"Proc_16","72206"
"Proc_16","72207"
"Proc_16","72208"
"Proc_16","72209"
"Proc_16","72210"
"Proc_16","72211"
"Proc_16","72212"
"Proc_16","72213"
"Proc_16","72720"
"Proc_25","30278"
"Proc_25","30279"
"Proc_25","30280"
"Proc_25","30281"
"Proc_25","30282"
"Proc_25","30283"
"Proc_25","30284"
"Proc_25","30285"
"Proc_25","30286"
"Proc_25","30287"
"Proc_25","30288"
"Proc_25","30289"
"Proc_25","30290"
"Proc_25","30291"
"Proc_25","30292"
"Proc_25","30293"
"Proc_25","30294"
"Proc_25","30295"
"Proc_25","30296"
"Proc_25","30297"
"Proc_25","30298"
"Proc_25","30299"
"Proc_25","30300"
"Proc_25","30301"
"Proc_25","30302"
"Proc_25","30303"
"Proc_25","30304"
"Proc_25","30305"
"Proc_25","30306"
"Proc_25","30307"
"Proc_25","30308"
"Proc_25","30309"
"Proc_25","30310"
"Proc_25","30311"
"Proc_25","30312"
"Proc_25","30313"
"Proc_25","30314"
"Proc_25","30315"
"Proc_25","30316"
"Proc_25","30317"
"Proc_25","30318"
"Proc_25","30319"
"Proc_25","30320"
"Proc_25","30321"
"Proc_25","30322"
"Proc_25","30323"
"Proc_25","30324"
"Proc_25","30325"
"Proc_25","30326"
"Proc_25","30327"
"Proc_25","30328"
"Proc_25","30329"
"Proc_25","30330"
"Proc_25","30331"
"Proc_19","43231"
"Proc_19","43232"
"Proc_19","43233"
"Proc_19","43234"
"Proc_19","43235"
"Proc_19","43236"
"Proc_19","43237"
"Proc_19","43238"
"Proc_19","43239"
"Proc_19","43240"
"Proc_19","43241"
"Proc_19","43242"
"Proc_19","43243"
"Proc_19","43244"
"Proc_19","43245"
"Proc_19","43246"
"Proc_19","43247"
"Proc_19","43248"
"Proc_19","43249"
"Proc_19","43250"
"Proc_19","43251"
"Proc_19","43252"
"Proc_19","43253"
"Proc_19","43254"
"Proc_19","43255"
"Proc_19","43256"
"Proc_19","43257"
"Proc_19","43258"
"Proc_19","43259"
"Proc_19","43260"
"Proc_19","43261"
"Proc_19","43262"
"Proc_19","43263"
"Proc_19","43264"
"Proc_19","43265"
"Proc_19","43266"
"Proc_19","43267"
"Proc_19","43268"
"Proc_19","43269"
"Proc_19","43270"
"Proc_19","43271"
"Proc_19","43272"
"Proc_19","43273"
"Proc_19","43274"
"Proc_19","43275"
"Proc_19","43276"
"Proc_19","43277"
"Proc_19","43278"
"Proc_19","43279"
"Proc_19","43280"
"Proc_19","43281"
"Proc_19","43282"
"Proc_19","43283"
"Proc_19","43284"
"Proc_19","43285"
"Proc_19","43286"
"Proc_19","43287"
"Proc_19","43288"
"Proc_19","43289"
"Proc_19","43290"
"Proc_26","27568"
"Proc_26","27569"
"Proc_26","27570"
"Proc_26","27571"
"Proc_26","27572"
"Proc_26","27573"
"Proc_26","27574"
"Proc_26","27575"
"Proc_26","27576"
"Proc_26","27577"
"Proc_26","27578"
"Proc_26","27579"
"Proc_26","27580"
"Proc_26","27581"
"Proc_26","27582"
"Proc_26","27583"
"Proc_26","27584"
"Proc_26","27585"
"Proc_26","27586"
"Proc_26","27587"
"Proc_26","27588"
"Proc_26","27589"
"Proc_26","27590"
"Proc_26","27591"
"Proc_26","27592"
"Proc_26","27593"
"Proc_26","27594"
"Proc_26","27595"
"Proc_26","27596"
"Proc_26","27597"
"Proc_26","27598"
"Proc_26","27599"
"Proc_26","27600"
"Proc_26","27601"
"Proc_26","27602"
"Proc_26","27603"
"Proc_26","27604"
"Proc_26","27605"
"Proc_26","27606"
"Proc_26","27607"
"Proc_26","27608"
"Proc_26","27609"
"Proc_26","27610"
"Proc_26","27611"
"Proc_26","27612"
"Proc_26","27613"
"Proc_26","27614"
"Proc_26","27615"
"Proc_26","27616"
"Proc_26","27617"
"Proc_26","27618"
"Proc_26","27619"
"Proc_26","27620"
"Proc_26","27621"
"Proc_26","27622"
"Proc_26","27623"
"Proc_26","27624"
"Proc_26","27625"
"Proc_26","27626"
"Proc_26","27627"
"Proc_26","27628"
"Proc_26","27629"
"Proc_26","27630"
"Proc_26","27631"
"Proc_26","27632"
"Proc_26","27633"
"Proc_26","27634"
"Proc_26","27635"
"Proc_26","27636"
"Proc_26","27637"
"Proc_26","27638"
"Proc_26","27639"
"Proc_26","27640"
"Proc_26","27641"
"Proc_26","27642"
"Proc_26","27643"
"Proc_26","27644"
"Proc_26","27645"
"Proc_26","27646"
"Proc_26","27647"
"Proc_26","27648"
"Proc_26","27649"
"Proc_26","27650"
"Proc_26","27651"
"Proc_26","27652"
"Proc_26","27653"
"Proc_26","27654"
"Proc_26","27655"
"Proc_26","27656"
"Proc_26","27657"
"Proc_26","27658"
"Proc_26","27659"
"Proc_26","27660"
"Proc_26","27661"
"Proc_26","27662"
"Proc_26","27663"
"Proc_26","27664"
"Proc_26","27665"
"Proc_26","27666"
"Proc_26","27667"
"Proc_26","27668"
"Proc_26","27669"
"Proc_26","27670"
"Proc_26","27671"
"Proc_26","27672"
"Proc_27","36471"
"Proc_27","36472"
"Proc_27","36473"
"Proc_27","36474"
"Proc_27","36475"
"Proc_27","36476"
"Proc_27","36477"
"Proc_27","36478"
"Proc_27","36479"
"Proc_27","36480"
"Proc_27","36481"
"Proc_27","36482"
"Proc_27","36483"
"Proc_27","36484"
"Proc_27","36485"
"Proc_27","36486"
"Proc_27","36487"
"Proc_27","36488"
"Proc_27","36489"
"Proc_27","36490"
"Proc_27","36491"
"Proc_27","36492"
"Proc_27","36493"
"Proc_27","36494"
"Proc_27","36495"
"Proc_27","36496"
"Proc_27","36497"
"Proc_28","20252"
"Proc_28","20253"
"Proc_28","20254"
"Proc_28","20255"
"Proc_28","20256"
"Proc_28","20257"
"Proc_28","20258"
"Proc_28","20259"
"Proc_28","20260"
"Proc_28","20261"
"Proc_28","20262"
"Proc_28","20263"
"Proc_28","20264"
"Proc_28","20265"
"Proc_28","20266"
"Proc_28","20267"
"Proc_28","20268"
"Proc_28","20269"
"Proc_28","20270"
"Proc_28","20271"
"Proc_28","20272"
"Proc_28","20273"
"Proc_28","20274"
"Proc_28","20275"
"Proc_28","20276"
"Proc_28","20277"
"Proc_28","20278"
"Proc_28","20279"
"Proc_28","20280"
"Proc_28","20281"
"Proc_28","20282"
"Proc_28","20283"
"Proc_28","20284"
"Proc_28","20285"
"Proc_28","20286"
"Proc_28","20287"
"Proc_28","20288"
"Proc_28","20289"
"Proc_28","20290"
"Proc_28","20291"
"Proc_28","20292"
"Proc_28","20293"
"Proc_28","20294"
"Proc_28","20295"
"Proc_28","20296"
"Proc_28","20297"
"Proc_28","20298"
"Proc_28","20299"
"Proc_28","20300"
"Proc_28","20301"
"Proc_28","20302"
"Proc_28","20303"
"Proc_28","20304"
"Proc_28","20305"
"Proc_28","20306"
"Proc_28","20307"
"Proc_28","20308"
"Proc_28","20309"
"Proc_28","20310"
"Proc_28","20311"
"Proc_28","20312"
"Proc_28","20313"
"Proc_28","20314"
"Proc_28","20315"
"Proc_28","20316"
"Proc_28","20317"
"Proc_28","20318"
"Proc_28","20319"
"Proc_28","20320"
"Proc_28","20321"
"Proc_28","20322"
"Proc_28","20323"
"Proc_28","20324"
"Proc_28","20325"
"Proc_28","20326"
"Proc_28","20327"
"Proc_28","20328"
"Proc_28","20329"
"Proc_28","20330"
"Proc_28","20331"
"Proc_28","20332"
"Proc_28","20333"
"Proc_28","20334"
"Proc_28","20335"
"Proc_28","20336"
"Proc_28","20337"
"Proc_28","20338"
"Proc_28","20339"
"Proc_28","20340"
"Proc_28","20341"
"Proc_28","20342"
"Proc_28","20343"
"Proc_29","67929"
"Proc_29","67930"
"Proc_29","67931"
"Proc_29","67932"
"Proc_29","67933"
"Proc_29","67934"
"Proc_29","67935"
"Proc_29","67936"
"Proc_29","67937"
"Proc_29","67938"
"Proc_29","67939"
"Proc_29","67940"
"Proc_29","67941"
"Proc_29","67942"
"Proc_29","67943"
"Proc_29","67944"
"Proc_29","67945"
"Proc_29","67946"
"Proc_29","67947"
"Proc_29","67948"
"Proc_29","67949"
"Proc_29","67950"
"Proc_29","67951"
"Proc_29","67952"
"Proc_29","67953"
"Proc_29","67954"
"Proc_29","67955"
"Proc_29","67956"
"Proc_29","67957"
"Proc_29","67958"
"Proc_29","67959"
"Proc_29","67960"
"Proc_29","67961"
"Proc_29","67962"
"Proc_29","67963"
"Proc_29","67964"
"Proc_29","67965"
"Proc_29","67966"
"Proc_29","67967"
"Proc_29","67968"
"Proc_29","67969"
"Proc_29","67970"
"Proc_29","67971"
"Proc_29","67972"
"Proc_29","67973"
"Proc_29","67974"
"Proc_29","67975"
"Proc_29","67976"
"Proc_29","67977"
"Proc_29","67978"
"Proc_29","67979"
"Proc_29","67980"
"Proc_29","67981"
"Proc_29","67982"
"Proc_29","67983"
"Proc_29","67984"
"Proc_29","67985"
"Proc_29","67986"
"Proc_29","67987"
"Proc_29","67988"
"Proc_29","67989"
"Proc_29","67990"
"Proc_29","67991"
"Proc_29","67992"
"Proc_29","67993"
"Proc_29","67994"
"Proc_29","67995"
"Proc_29","67996"
"Proc_29","67997"
"Proc_29","67998"
"Proc_29","67999"
"Proc_29","68000"
"Proc_29","68001"
"Proc_29","68002"
"Proc_29","68003"
"Proc_29","68004"
"Proc_29","68005"
"Proc_29","68006"
"Proc_29","68007"
"Proc_29","68008"
"Proc_29","68009"
"Proc_29","68010"
"Proc_29","68011"
"Proc_29","68012"
"Proc_29","68013"
"Proc_29","68014"
"Proc_29","68015"
"Proc_29","68016"
"Proc_29","68017"
"Proc_29","68018"
"Proc_29","68019"
"Proc_29","68020"
"Proc_29","68021"
"Proc_29","68022"
"Proc_29","68023"
"Proc_29","68024"
"Proc_29","68025"
"Proc_29","68026"
"Proc_29","68027"
"Proc_29","68028"
"Proc_29","68029"
"Proc_29","68030"
"Proc_29","68031"
"Proc_29","68032"
"Proc_29","68033"
"Proc_29","68034"
"Proc_29","68035"
"Proc_29","68036"
"Proc_29","68037"
"Proc_29","68038"
"Proc_29","68039"
"Proc_29","68040"
"Proc_29","68041"
"Proc_29","68042"
"Proc_29","68043"
"Proc_29","68044"
"Proc_29","68045"
"Proc_29","68046"
"Proc_29","68047"
"Proc_29","68048"
"Proc_29","68049"
"Proc_29","68050"
"Proc_29","68051"
"Proc_29","68052"
"Proc_29","68053"
"Proc_29","68054"
"Proc_29","68055"
"Proc_29","68056"
"Proc_29","68057"
"Proc_29","68058"
"Proc_29","68059"
"Proc_29","68060"
"Proc_29","68061"
"Proc_29","68062"
"Proc_29","68063"
"Proc_29","68064"
"Proc_29","68065"
"Proc_29","68066"
"Proc_29","68067"
"Proc_29","68068"
"Proc_29","68069"
"Proc_29","68070"
"Proc_29","68071"
"Proc_29","68072"
"Proc_29","68073"
"Proc_29","68074"
"Proc_29","68075"
"Proc_29","68076"
"Proc_29","68077"
"Proc_29","68078"
"Proc_29","68079"
"Proc_29","68080"
"Proc_29","68081"
"Proc_29","68082"
"Proc_29","68083"
"Proc_29","68084"
"Proc_29","68085"
"Proc_29","68086"
"Proc_29","68087"
"Proc_29","68088"
"Proc_29","68089"
"Proc_29","68090"
"Proc_29","68091"
"Proc_29","68092"
"Proc_29","68093"
"Proc_29","68094"
"Proc_29","68095"
"Proc_29","68096"
"Proc_29","68097"
"Proc_29","68098"
"Proc_29","68099"
"Proc_29","68100"
"Proc_29","68101"
"Proc_29","68102"
"Proc_29","68103"
"Proc_29","68104"
"Proc_29","68105"
"Proc_29","68106"
"Proc_29","68107"
"Proc_29","68108"
"Proc_29","68109"
"Proc_29","68110"
"Proc_29","68111"
"Proc_29","68112"
"Proc_29","68113"
"Proc_29","68114"
"Proc_29","68115"
"Proc_29","68116"
"Proc_29","68117"
"Proc_29","68118"
"Proc_29","68119"
"Proc_29","68120"
"Proc_29","68121"
"Proc_29","68122"
"Proc_29","68123"
"Proc_29","68124"
"Proc_29","68125"
"Proc_29","68126"
"Proc_29","68127"
"Proc_29","68128"
"Proc_29","68129"
"Proc_29","68130"
"Proc_29","68131"
"Proc_29","68132"
"Proc_29","68133"
"Proc_29","68134"
"Proc_29","68135"
"Proc_29","68136"
"Proc_29","68137"
"Proc_29","68138"
"Proc_29","68139"
"Proc_29","68140"
"Proc_29","68141"
"Proc_29","68142"
"Proc_29","68143"
"Proc_29","68144"
"Proc_29","68145"
"Proc_29","68146"
"Proc_29","68147"
"Proc_29","68148"
"Proc_29","68149"
"Proc_29","68150"
"Proc_29","68151"
"Proc_29","68152"
"Proc_29","68153"
"Proc_29","68154"
"Proc_29","68155"
"Proc_29","68156"
"Proc_29","68157"
"Proc_29","68158"
"Proc_29","68159"
"Proc_29","68160"
"Proc_29","68161"
"Proc_29","68162"
"Proc_29","68163"
"Proc_29","68164"
"Proc_29","68165"
"Proc_29","68166"
"Proc_29","68167"
"Proc_29","68168"
"Proc_29","68169"
"Proc_29","68170"
"Proc_29","68171"
"Proc_29","68172"
"Proc_29","68173"
"Proc_29","68174"
"Proc_29","68175"
"Proc_29","68176"
"Proc_29","68177"
"Proc_29","68178"
"Proc_29","68179"
"Proc_29","68180"
"Proc_29","68181"
"Proc_29","68182"
"Proc_29","68183"
"Proc_29","68184"
"Proc_29","68185"
"Proc_29","68186"
"Proc_29","68187"
"Proc_29","68188"
"Proc_29","68189"
"Proc_29","68190"
"Proc_29","68191"
"Proc_29","68192"
"Proc_29","68193"
"Proc_29","68194"
"Proc_29","68195"
"Proc_29","68196"
"Proc_29","68197"
"Proc_29","68198"
"Proc_29","68199"
"Proc_29","68200"
"Proc_29","68201"
"Proc_29","68202"
"Proc_29","68203"
"Proc_29","68204"
"Proc_29","68205"
"Proc_29","68206"
"Proc_29","68207"
"Proc_29","68208"
"Proc_29","68209"
"Proc_29","68210"
"Proc_29","68211"
"Proc_29","68212"
"Proc_29","68213"
"Proc_29","68214"
"Proc_29","68215"
"Proc_29","68216"
"Proc_29","68217"
"Proc_29","68218"
"Proc_29","68219"
"Proc_29","92272"
"Proc_28","85868"
"Proc_28","85869"
"Proc_28","85870"
"Proc_28","85871"
"Proc_28","85872"
"Proc_28","85873"
"Proc_28","85874"
"Proc_28","85875"
"Proc_28","85876"
"Proc_28","85877"
"Proc_28","85878"
"Proc_28","85879"
"Proc_28","85880"
"Proc_28","85881"
"Proc_28","85882"
"Proc_28","85883"
"Proc_28","85884"
"Proc_28","85885"
"Proc_28","85886"
"Proc_28","85887"
"Proc_28","85888"
"Proc_28","85889"
"Proc_28","85890"
"Proc_28","85891"
"Proc_28","85892"
"Proc_28","85893"
"Proc_28","85894"
"Proc_28","85895"
"Proc_28","85896"
"Proc_28","85897"
"Proc_28","85898"
"Proc_28","85899"
"Proc_28","85900"
"Proc_28","85901"
"Proc_28","85902"
"Proc_28","85903"
"Proc_28","85904"
"Proc_28","85905"
"Proc_28","85906"
"Proc_28","85907"
"Proc_28","85908"
"Proc_28","85909"
"Proc_28","85910"
"Proc_28","85911"
"Proc_28","85912"
"Proc_28","85913"
"Proc_28","85914"
"Proc_28","85915"
"Proc_28","85916"
"Proc_28","85917"
"Proc_28","85918"
"Proc_28","85919"
"Proc_28","85920"
"Proc_28","85921"
"Proc_28","85922"
"Proc_28","85923"
"Proc_28","85924"
"Proc_28","85925"
"Proc_28","85926"
"Proc_28","85927"
"Proc_28","85928"
"Proc_28","85929"
"Proc_28","85930"
"Proc_28","85931"
"Proc_28","85932"
"Proc_28","85933"
"Proc_28","85934"
"Proc_28","85935"
"Proc_28","85936"
"Proc_28","85937"
"Proc_28","85938"
"Proc_28","85939"
"Proc_28","85940"
"Proc_28","85941"
"Proc_28","85942"
"Proc_28","85943"
"Proc_28","85944"
"Proc_28","85945"
"Proc_28","85946"
"Proc_28","85947"
"Proc_28","85948"
"Proc_28","85949"
"Proc_28","85950"
"Proc_28","85951"
"Proc_28","85952"
"Proc_28","85953"
"Proc_28","85954"
"Proc_28","85955"
"Proc_28","85956"
"Proc_22","52270"
"Proc_22","52271"
"Proc_22","52272"
"Proc_22","52273"
"Proc_22","52274"
"Proc_22","52275"
"Proc_22","52276"
"Proc_22","52277"
"Proc_22","52278"
"Proc_22","52279"
"Proc_22","52280"
"Proc_22","52281"
"Proc_22","52282"
"Proc_22","52283"
"Proc_22","52284"
"Proc_22","52285"
"Proc_22","52286"
"Proc_22","52287"
"Proc_22","52288"
"Proc_22","52289"
"Proc_22","52290"
"Proc_22","52291"
"Proc_22","52292"
"Proc_22","52293"
"Proc_22","52294"
"Proc_22","52295"
"Proc_22","52296"
"Proc_22","52297"
"Proc_22","52298"
"Proc_22","52299"
"Proc_22","52300"
"Proc_22","52301"
"Proc_22","52302"
"Proc_22","52303"
"Proc_22","52304"
"Proc_22","52305"
"Proc_22","52306"
"Proc_22","52307"
"Proc_22","52308"
"Proc_22","52309"
"Proc_22","52310"
"Proc_22","52311"
"Proc_22","52312"
"Proc_22","52313"
"Proc_22","52314"
"Proc_22","52315"
"Proc_22","52316"
"Proc_22","52317"
"Proc_22","52318"
"Proc_22","52319"
"Proc_22","52320"
"Proc_22","52321"
"Proc_22","52322"
"Proc_22","52323"
"Proc_22","52324"
"Proc_22","52325"
"Proc_22","52326"
"Proc_22","52327"
"Proc_22","52328"
"Proc_22","52329"
"Proc_22","52330"
"Proc_22","52331"
"Proc_22","52332"
"Proc_22","52333"
"Proc_22","52334"
"Proc_22","52335"
"Proc_22","52336"
"Proc_22","52337"
"Proc_22","52338"
"Proc_22","52339"
"Proc_22","52340"
"Proc_22","52341"
"Proc_22","52342"
"Proc_22","52343"
"Proc_22","52344"
"Proc_22","52345"
"Proc_22","52346"
"Proc_22","52347"
"Proc_22","52348"
"Proc_22","52349"
"Proc_22","52350"
"Proc_22","52351"
"Proc_22","52352"
"Proc_22","52353"
"Proc_22","52354"
"Proc_22","52355"
"Proc_22","52356"
"Proc_22","52357"
"Proc_22","52358"
"Proc_22","52359"
"Proc_22","52360"
"Proc_22","52361"
"Proc_22","52362"
"Proc_22","52363"
"Proc_22","52364"
"Proc_22","52365"
"Proc_22","52366"
"Proc_22","52367"
"Proc_22","52368"
"Proc_22","52369"
"Proc_22","52370"
"Proc_22","52371"
"Proc_22","52372"
"Proc_22","52373"
"Proc_22","52374"
"Proc_22","52375"
"Proc_22","52376"
"Proc_22","52377"
"Proc_22","52378"
"Proc_22","52379"
"Proc_22","52380"
"Proc_22","52381"
"Proc_22","52382"
"Proc_22","52383"
"Proc_22","52384"
"Proc_22","52385"
"Proc_22","52386"
"Proc_22","52387"
"Proc_22","52388"
"Proc_22","52389"
"Proc_22","52390"
"Proc_22","52391"
"Proc_22","52392"
"Proc_22","52393"
"Proc_22","52394"
"Proc_22","52395"
"Proc_22","52396"
"Proc_22","52397"
"Proc_22","52398"
"Proc_22","52399"
"Proc_22","52400"
"Proc_22","52401"
"Proc_22","52402"
"Proc_22","52403"
"Proc_22","52404"
"Proc_22","52405"
"Proc_22","52406"
"Proc_22","52407"
"Proc_22","52408"
"Proc_22","52409"
"Proc_22","52410"
"Proc_22","52411"
"Proc_22","52412"
"Proc_22","52413"
"Proc_22","52414"
"Proc_22","52415"
"Proc_22","52416"
"Proc_22","52417"
"Proc_22","52418"
"Proc_22","52419"
"Proc_22","52420"
"Proc_22","52421"
"Proc_22","52422"
"Proc_22","52423"
"Proc_22","52424"
"Proc_22","52425"
"Proc_22","52426"
"Proc_22","52427"
"Proc_22","52428"
"Proc_22","52429"
"Proc_22","52430"
"Proc_22","52431"
"Proc_22","52432"
"Proc_22","52433"
"Proc_22","52434"
"Proc_22","52435"
"Proc_22","52436"
"Proc_22","52437"
"Proc_22","52438"
"Proc_22","52439"
"Proc_22","52440"
"Proc_22","52441"
"Proc_22","52442"
"Proc_22","52443"
"Proc_22","52444"
"Proc_22","52445"
"Proc_22","52446"
"Proc_22","52447"
"Proc_22","52448"
"Proc_23","43546"
"Proc_23","43547"
"Proc_23","43548"
"Proc_23","43549"
"Proc_23","43550"
"Proc_23","43551"
"Proc_23","43552"
"Proc_23","43553"
"Proc_23","43554"
"Proc_23","43555"
"Proc_23","43556"
"Proc_23","43557"
"Proc_23","43558"
"Proc_23","43559"
"Proc_23","43560"
"Proc_23","43561"
"Proc_23","43562"
"Proc_23","43563"
"Proc_23","43564"
"Proc_23","43565"
"Proc_23","43566"
"Proc_23","43567"
"Proc_23","43568"
"Proc_23","43569"
"Proc_23","43570"
"Proc_23","43571"
"Proc_23","43572"
"Proc_23","43573"
"Proc_23","43574"
"Proc_23","43575"
"Proc_23","43576"
"Proc_23","43577"
"Proc_23","43578"
"Proc_23","43579"
"Proc_23","43580"
"Proc_23","43581"
"Proc_23","43582"
"Proc_23","43583"
"Proc_23","43584"
"Proc_23","43585"
"Proc_23","43586"
"Proc_23","43587"
"Proc_23","43588"
"Proc_23","43589"
"Proc_23","43590"
"Proc_23","43591"
"Proc_23","43592"
"Proc_23","43593"
"Proc_23","43594"
"Proc_23","43595"
"Proc_23","43596"
"Proc_23","43597"
"Proc_23","43598"
"Proc_23","43599"
"Proc_23","43600"
"Proc_23","43601"
"Proc_23","43602"
"Proc_23","43603"
"Proc_23","43604"
"Proc_23","43605"
"Proc_23","43606"
"Proc_23","43607"
"Proc_23","43608"
"Proc_23","43609"
"Proc_23","43610"
"Proc_23","43611"
"Proc_23","43612"
"Proc_23","43613"
"Proc_23","43614"
"Proc_23","43615"
"Proc_23","43616"
"Proc_23","43617"
"Proc_23","43618"
"Proc_23","43619"
"Proc_30","66104"
"Proc_30","66105"
"Proc_30","66106"
"Proc_30","66107"
"Proc_30","66108"
"Proc_30","66109"
"Proc_30","66110"
"Proc_30","66111"
"Proc_30","66112"
"Proc_30","66113"
"Proc_30","66114"
"Proc_30","66115"
"Proc_30","66116"
"Proc_30","66117"
"Proc_30","66118"
"Proc_30","66119"
"Proc_30","66120"
"Proc_30","66121"
"Proc_30","66122"
"Proc_30","66123"
"Proc_30","66124"
"Proc_30","66125"
"Proc_30","66126"
"Proc_30","66127"
"Proc_30","66128"
"Proc_30","66129"
"Proc_30","66130"
"Proc_30","66131"
"Proc_30","66132"
"Proc_30","66133"
"Proc_30","66134"
"Proc_30","66135"
"Proc_30","71972"
"Proc_30","71973"
"Proc_30","71974"
"Proc_30","71975"
"Proc_30","71976"
"Proc_30","92576"
"Proc_31","18100"
"Proc_31","18101"
"Proc_31","18102"
"Proc_31","18103"
"Proc_31","18104"
"Proc_31","18105"
"Proc_31","18106"
"Proc_31","18107"
"Proc_31","18108"
"Proc_31","18109"
"Proc_31","18110"
"Proc_31","18111"
"Proc_31","18112"
"Proc_31","18113"
"Proc_31","18114"
"Proc_31","18115"
"Proc_31","18116"
"Proc_31","18117"
"Proc_31","18118"
"Proc_31","18119"
"Proc_31","18120"
"Proc_31","18121"
"Proc_32","22503"
"Proc_32","22504"
"Proc_32","22505"
"Proc_32","22506"
"Proc_32","22507"
"Proc_32","22508"
"Proc_32","22509"
"Proc_32","22510"
"Proc_32","22511"
"Proc_32","22512"
"Proc_32","22513"
"Proc_32","22514"
"Proc_7","33532"
"Proc_7","33533"
"Proc_7","33534"
"Proc_7","33535"
"Proc_7","33536"
"Proc_7","33537"
"Proc_7","33538"
"Proc_7","33539"
"Proc_7","33540"
"Proc_7","33541"
"Proc_7","33542"
"Proc_7","33543"
"Proc_7","33544"
"Proc_7","33545"
"Proc_7","33546"
"Proc_7","33547"
"Proc_7","33548"
"Proc_7","33549"
"Proc_7","33550"
"Proc_7","33551"
"Proc_7","33552"
"Proc_7","33553"
"Proc_7","33554"
"Proc_7","33555"
"Proc_7","33556"
"Proc_7","33557"
"Proc_7","33558"
"Proc_7","33559"
"Proc_7","33560"
"Proc_7","33561"
"Proc_7","33562"
"Proc_7","33563"
"Proc_7","33564"
"Proc_7","33565"
"Proc_7","33566"
"Proc_7","33567"
"Proc_7","33568"
"Proc_7","33569"
"Proc_7","33570"
"Proc_7","33571"
"Proc_7","33572"
"Proc_7","33573"
"Proc_7","33574"
"Proc_7","33575"
"Proc_7","33576"
"Proc_7","33577"
"Proc_7","33578"
"Proc_7","33579"
"Proc_7","33580"
"Proc_7","33581"
"Proc_7","33582"
"Proc_7","33583"
"Proc_7","33584"
"Proc_7","33585"
"Proc_7","33586"
"Proc_7","33587"
"Proc_7","33588"
"Proc_7","33589"
"Proc_7","33590"
"Proc_7","33591"
"Proc_7","33592"
"Proc_7","33593"
"Proc_7","33594"
"Proc_7","33595"
"Proc_7","33596"
"Proc_7","33597"
"Proc_7","33598"
"Proc_33","36688"
"Proc_33","36689"
"Proc_33","36690"
"Proc_33","36691"
"Proc_33","36692"
"Proc_33","36693"
"Proc_33","36694"
"Proc_33","36695"
"Proc_33","36696"
"Proc_33","36697"
"Proc_33","36698"
"Proc_33","36699"
"Proc_33","36700"
"Proc_33","36701"
"Proc_33","36702"
"Proc_33","36703"
"Proc_33","36704"
"Proc_33","36705"
"Proc_33","36706"
"Proc_33","36707"
"Proc_33","36708"
"Proc_33","36709"
"Proc_33","36710"
"Proc_33","36711"
"Proc_33","36712"
"Proc_33","36713"
"Proc_33","36714"
"Proc_34","40931"
"Proc_34","40932"
"Proc_34","40933"
"Proc_34","40934"
"Proc_34","40935"
"Proc_34","40936"
"Proc_34","40937"
"Proc_34","40938"
"Proc_34","40939"
"Proc_34","40940"
"Proc_34","40941"
"Proc_34","40942"
"Proc_34","40943"
"Proc_34","40944"
"Proc_34","40945"
"Proc_34","40946"
"Proc_34","40947"
"Proc_2","28488"
"Proc_2","28489"
"Proc_2","28490"
"Proc_2","28491"
"Proc_2","28492"
"Proc_2","28493"
"Proc_2","28494"
"Proc_2","28495"
"Proc_2","28496"
"Proc_2","28497"
"Proc_2","28498"
"Proc_2","28499"
"Proc_2","28500"
"Proc_2","28501"
"Proc_2","28502"
"Proc_2","28503"
"Proc_2","28504"
"Proc_2","28505"
"Proc_2","28506"
"Proc_2","28507"
"Proc_2","28508"
"Proc_2","28509"
"Proc_2","28510"
"Proc_2","28511"
"Proc_2","28512"
"Proc_2","28513"
"Proc_28","46580"
"Proc_28","46581"
"Proc_28","46582"
"Proc_28","46583"
"Proc_28","46584"
"Proc_28","46585"
"Proc_28","46586"
"Proc_28","46587"
"Proc_28","46588"
"Proc_28","46589"
"Proc_28","46590"
"Proc_28","46591"
"Proc_28","46592"
"Proc_28","46593"
"Proc_28","46594"
"Proc_28","46595"
"Proc_28","46596"
"Proc_28","46597"
"Proc_28","46598"
"Proc_28","46599"
"Proc_28","46600"
"Proc_28","46601"
"Proc_28","46602"
"Proc_28","46603"
"Proc_28","46604"
"Proc_28","46605"
"Proc_28","46606"
"Proc_28","46607"
"Proc_28","46608"
"Proc_28","46609"
"Proc_28","46610"
"Proc_28","46611"
"Proc_28","46612"
"Proc_28","46613"
"Proc_28","46614"
"Proc_28","46615"
"Proc_28","46616"
"Proc_28","46617"
"Proc_28","46618"
"Proc_28","46619"
"Proc_28","46620"
"Proc_28","46621"
"Proc_28","46622"
"Proc_28","46623"
"Proc_28","46624"
"Proc_28","46625"
"Proc_28","46626"
"Proc_28","46627"
"Proc_28","46628"
"Proc_28","46629"
"Proc_28","46630"
"Proc_28","46631"
"Proc_28","46632"
"Proc_28","46633"
"Proc_28","46634"
"Proc_28","46635"
"Proc_28","46636"
"Proc_28","46637"
"Proc_28","46638"
"Proc_28","46639"
"Proc_28","46640"
"Proc_28","46641"
"Proc_28","46642"
"Proc_28","46643"
"Proc_28","46644"
"Proc_28","46645"
"Proc_28","46646"
"Proc_28","46647"
"Proc_28","46648"
"Proc_28","46649"
"Proc_28","46650"
"Proc_28","46651"
"Proc_28","46652"
"Proc_28","46653"
"Proc_28","46654"
"Proc_28","46655"
"Proc_28","46656"
"Proc_28","46657"
"Proc_28","46658"
"Proc_28","46659"
"Proc_28","46660"
"Proc_28","46661"
"Proc_28","46662"
"Proc_28","46663"
"Proc_28","46664"
"Proc_28","46665"
"Proc_28","46666"
"Proc_28","46667"
"Proc_28","46668"
"Proc_35","38988"
"Proc_35","38989"
"Proc_35","38990"
"Proc_35","38991"
"Proc_35","38992"
"Proc_35","38993"
"Proc_35","38994"
"Proc_35","38995"
"Proc_35","38996"
"Proc_35","38997"
"Proc_35","38998"
"Proc_35","38999"
"Proc_35","39000"
"Proc_35","39001"
"Proc_35","39002"
"Proc_35","39003"
"Proc_35","39004"
"Proc_35","39005"
"Proc_35","39006"
"Proc_35","39007"
"Proc_35","39008"
"Proc_35","39009"
"Proc_35","39010"
"Proc_35","39011"
"Proc_35","39012"
"Proc_35","39013"
"Proc_35","39014"
"Proc_35","39015"
"Proc_35","39016"
"Proc_35","39017"
"Proc_35","39018"
"Proc_35","39019"
"Proc_35","39020"
"Proc_35","39021"
"Proc_35","39022"
"Proc_35","39023"
"Proc_35","39024"
"Proc_35","39025"
"Proc_35","39026"
"Proc_35","39027"
"Proc_35","39028"
"Proc_35","39029"
"Proc_35","39030"
"Proc_35","39031"
"Proc_35","39032"
"Proc_35","39033"
"Proc_35","39034"
"Proc_35","39035"
"Proc_35","39036"
"Proc_35","39037"
"Proc_35","39038"
"Proc_35","39039"
"Proc_35","39040"
"Proc_35","39041"
"Proc_35","39042"
"Proc_35","39043"
"Proc_35","39044"
"Proc_35","39045"
"Proc_35","39046"
"Proc_35","39047"
"Proc_35","39048"
"Proc_35","39049"
"Proc_35","39050"
"Proc_35","39051"
"Proc_35","39052"
"Proc_35","39053"
"Proc_35","39054"
"Proc_35","39055"
"Proc_35","39056"
"Proc_35","39057"
"Proc_35","39058"
"Proc_35","39059"
"Proc_35","39060"
"Proc_35","39061"
"Proc_35","39062"
"Proc_35","39063"
"Proc_35","39064"
"Proc_35","39065"
"Proc_35","39066"
"Proc_35","39067"
"Proc_35","39068"
"Proc_35","39069"
"Proc_35","39070"
"Proc_35","39071"
"Proc_35","39072"
"Proc_35","39073"
"Proc_35","39074"
"Proc_35","39075"
"Proc_35","39076"
"Proc_35","39077"
"Proc_35","39078"
"Proc_35","39079"
"Proc_35","39080"
"Proc_35","39081"
"Proc_35","39082"
"Proc_35","39083"
"Proc_35","39084"
"Proc_35","39085"
"Proc_35","39086"
"Proc_35","39087"
"Proc_35","39088"
"Proc_35","39089"
"Proc_35","39090"
"Proc_35","39091"
"Proc_35","39092"
"Proc_35","39093"
"Proc_35","39094"
"Proc_35","39095"
"Proc_35","39096"
"Proc_35","39097"
"Proc_35","39098"
"Proc_35","39099"
"Proc_35","39100"
"Proc_35","39101"
"Proc_35","39102"
"Proc_35","39103"
"Proc_35","39104"
"Proc_35","39105"
"Proc_35","39106"
"Proc_35","39107"
"Proc_35","39108"
"Proc_35","39109"
"Proc_35","39110"
"Proc_35","39111"
"Proc_35","39112"
"Proc_35","39113"
"Proc_36","22656"
"Proc_36","22657"
"Proc_36","22658"
"Proc_36","22659"
"Proc_36","22660"
"Proc_36","22661"
"Proc_36","22662"
"Proc_36","22663"
"Proc_36","22664"
"Proc_36","22665"
"Proc_36","22666"
"Proc_36","22667"
"Proc_36","22668"
"Proc_36","22669"
"Proc_36","22670"
"Proc_36","22671"
"Proc_36","22672"
"Proc_36","22673"
"Proc_36","22674"
"Proc_36","22675"
"Proc_36","22676"
"Proc_36","22677"
"Proc_36","22678"
"Proc_36","22679"
"Proc_36","22680"
"Proc_36","22681"
"Proc_36","22682"
"Proc_36","22683"
"Proc_36","22684"
"Proc_36","22685"
"Proc_36","22686"
"Proc_36","22687"
"Proc_36","22688"
"Proc_36","22689"
"Proc_36","22690"
"Proc_36","22691"
"Proc_36","22692"
"Proc_36","22693"
"Proc_36","22694"
"Proc_36","22695"
"Proc_36","22696"
"Proc_36","22697"
"Proc_36","22698"
"Proc_36","22699"
"Proc_36","22700"
"Proc_36","22701"
"Proc_36","22702"
"Proc_36","22703"
"Proc_36","22704"
"Proc_36","22705"
"Proc_36","22706"
"Proc_36","22707"
"Proc_36","22708"
"Proc_36","22709"
"Proc_34","73074"
"Proc_34","73075"
"Proc_34","73076"
"Proc_34","73077"
"Proc_34","73078"
"Proc_34","73079"
"Proc_34","73080"
"Proc_34","73081"
"Proc_34","73082"
"Proc_34","73083"
"Proc_34","73084"
"Proc_34","73085"
"Proc_34","73086"
"Proc_34","73087"
"Proc_34","73088"
"Proc_34","73089"
"Proc_34","73090"
"Proc_34","73091"
"Proc_34","73092"
"Proc_34","73093"
"Proc_34","73094"
"Proc_34","73095"
"Proc_34","73096"
"Proc_34","73097"
"Proc_34","73098"
"Proc_34","73099"
"Proc_34","73100"
"Proc_34","73101"
"Proc_34","73102"
"Proc_34","73103"
"Proc_34","73104"
"Proc_34","73105"
"Proc_34","73106"
"Proc_34","73107"
"Proc_34","73108"
"Proc_34","73109"
"Proc_34","73110"
"Proc_34","73111"
"Proc_34","73112"
"Proc_34","73113"
"Proc_34","73114"
"Proc_34","73115"
"Proc_34","73116"
"Proc_34","73117"
"Proc_34","73118"
"Proc_34","73119"
"Proc_34","73120"
"Proc_34","73121"
"Proc_34","73122"
"Proc_34","73123"
"Proc_34","73124"
"Proc_34","73125"
"Proc_34","73126"
"Proc_34","73127"
"Proc_34","73128"
"Proc_34","73129"
"Proc_34","73130"
"Proc_34","73131"
"Proc_34","73132"
"Proc_34","73133"
"Proc_34","73134"
"Proc_34","73135"
"Proc_34","73136"
"Proc_34","73137"
"Proc_34","73138"
"Proc_34","73139"
"Proc_34","73140"
"Proc_34","73141"
"Proc_34","73142"
"Proc_34","73143"
"Proc_34","73144"
"Proc_34","73145"
"Proc_34","73146"
"Proc_34","73147"
"Proc_34","73148"
"Proc_34","73149"
"Proc_34","73150"
"Proc_34","73151"
"Proc_34","73152"
"Proc_34","73153"
"Proc_34","73154"
"Proc_34","73155"
"Proc_34","73156"
"Proc_34","73157"
"Proc_34","73158"
"Proc_34","73159"
"Proc_34","73160"
"Proc_34","73161"
"Proc_34","73162"
"Proc_34","73163"
"Proc_34","73164"
"Proc_34","73165"
"Proc_34","73166"
"Proc_34","73167"
"Proc_34","73168"
"Proc_34","73169"
"Proc_34","73170"
"Proc_34","73171"
"Proc_34","73172"
"Proc_34","73173"
"Proc_34","73174"
"Proc_34","73175"
"Proc_34","73176"
"Proc_34","73177"
"Proc_34","73178"
"Proc_34","73179"
"Proc_34","73180"
"Proc_34","73181"
"Proc_34","73182"
"Proc_34","73183"
"Proc_34","73184"
"Proc_34","73185"
"Proc_34","73186"
"Proc_34","73187"
"Proc_34","73188"
"Proc_34","73189"
"Proc_34","73190"
"Proc_34","73191"
"Proc_34","73192"
"Proc_34","73193"
"Proc_34","73194"
"Proc_34","73195"
"Proc_34","73196"
"Proc_34","73197"
"Proc_34","73198"
"Proc_34","73199"
"Proc_34","73200"
"Proc_34","73201"
"Proc_34","73202"
"Proc_34","73203"
"Proc_34","73204"
"Proc_34","73205"
"Proc_34","73206"
"Proc_34","73207"
"Proc_34","73208"
"Proc_34","73209"
"Proc_34","73210"
"Proc_34","73211"
"Proc_34","73212"
"Proc_34","73213"
"Proc_34","73214"
"Proc_34","73215"
"Proc_34","73216"
"Proc_34","73217"
"Proc_34","73218"
"Proc_34","73219"
"Proc_34","73220"
"Proc_34","73221"
"Proc_34","73222"
"Proc_34","73223"
"Proc_1","30750"
"Proc_1","30751"
"Proc_1","30752"
"Proc_1","30753"
"Proc_1","30754"
"Proc_1","30755"
"Proc_1","30756"
"Proc_1","30757"
"Proc_1","30758"
"Proc_1","30759"
"Proc_1","30760"
"Proc_1","30761"
"Proc_1","30762"
"Proc_1","30763"
"Proc_1","30764"
"Proc_1","30765"
"Proc_1","30766"
"Proc_1","30767"
"Proc_1","30768"
"Proc_1","30769"
"Proc_1","30770"
"Proc_15","44181"
"Proc_15","44182"
"Proc_15","44183"
"Proc_15","44184"
"Proc_15","44185"
"Proc_15","44186"
"Proc_15","44187"
"Proc_15","44188"
"Proc_15","44189"
"Proc_15","44190"
"Proc_15","44191"
"Proc_15","44192"
"Proc_15","44193"
"Proc_15","44194"
"Proc_15","44195"
"Proc_15","44196"
"Proc_15","44197"
"Proc_15","44198"
"Proc_15","44199"
"Proc_15","44200"
"Proc_15","44201"
"Proc_15","44202"
"Proc_15","44203"
"Proc_15","44204"
"Proc_15","44205"
"Proc_15","44206"
"Proc_15","44207"
"Proc_15","44208"
"Proc_15","44209"
"Proc_15","44210"
"Proc_15","44211"
"Proc_15","44212"
"Proc_15","44213"
"Proc_15","44214"
"Proc_15","44215"
"Proc_15","44216"
"Proc_15","44217"
"Proc_15","44218"
"Proc_15","44219"
"Proc_15","44220"
"Proc_15","44221"
"Proc_15","44222"
"Proc_15","44223"
"Proc_15","44224"
"Proc_15","44225"
"Proc_15","44226"
"Proc_15","44227"
"Proc_15","44228"
"Proc_15","44229"
"Proc_15","44230"
"Proc_15","44231"
"Proc_15","44232"
"Proc_15","44233"
"Proc_15","44234"
"Proc_15","44235"
"Proc_15","44236"
"Proc_15","44237"
"Proc_15","44238"
"Proc_15","44239"
"Proc_15","44240"
"Proc_8","21172"
"Proc_8","21173"
"Proc_8","21174"
"Proc_8","21175"
"Proc_8","21176"
"Proc_8","21177"
"Proc_8","21178"
"Proc_8","21179"
"Proc_8","21180"
"Proc_8","21181"
"Proc_8","21182"
"Proc_8","21183"
"Proc_8","21184"
"Proc_8","21185"
"Proc_8","21186"
"Proc_8","21187"
"Proc_8","21188"
"Proc_8","21189"
"Proc_8","21190"
"Proc_8","21191"
"Proc_8","21192"
"Proc_8","21193"
"Proc_8","21194"
"Proc_8","21195"
"Proc_8","21196"
"Proc_8","21197"
"Proc_8","21198"
"Proc_37","16384"
"Proc_37","16385"
"Proc_37","16386"
"Proc_37","16387"
"Proc_37","16388"
"Proc_37","16389"
"Proc_37","16390"
"Proc_37","16391"
"Proc_37","16392"
"Proc_37","16393"
"Proc_37","16394"
"Proc_37","16395"
"Proc_37","16396"
"Proc_37","16397"
"Proc_37","16398"
"Proc_37","16399"
"Proc_37","16400"
"Proc_37","16401"
"Proc_37","16402"
"Proc_37","16403"
"Proc_37","16404"
"Proc_37","16405"
"Proc_37","16406"
"Proc_37","16407"
"Proc_37","16408"
"Proc_37","16409"
"Proc_37","16410"
"Proc_37","16411"
"Proc_37","16412"
"Proc_37","16413"
"Proc_37","16414"
"Proc_37","16415"
"Proc_37","16416"
"Proc_37","16417"
"Proc_37","16418"
"Proc_37","16419"
"Proc_37","16420"
"Proc_37","16421"
"Proc_37","16422"
"Proc_37","16423"
"Proc_37","16424"
"Proc_37","16425"
"Proc_37","16426"
"Proc_37","16427"
"Proc_37","16428"
"Proc_37","16429"
"Proc_37","16430"
"Proc_37","16431"
"Proc_37","16432"
"Proc_37","74092"
"Proc_37","90893"
"Proc_37","90894"
"Proc_31","30936"
"Proc_31","30937"
"Proc_31","30938"
"Proc_31","30939"
"Proc_31","30940"
"Proc_31","30941"
"Proc_31","30942"
"Proc_31","30943"
"Proc_31","30944"
"Proc_31","30945"
"Proc_31","30946"
"Proc_31","30947"
"Proc_31","30948"
"Proc_31","30949"
"Proc_31","30950"
"Proc_31","30951"
"Proc_31","30952"
"Proc_31","30953"
"Proc_31","30954"
"Proc_31","30955"
"Proc_31","30956"
"Proc_31","30957"
"Proc_31","30958"
"Proc_31","30959"
"Proc_31","30960"
"Proc_31","30961"
"Proc_31","30962"
"Proc_31","30963"
"Proc_31","30964"
"Proc_31","30965"
"Proc_31","30966"
"Proc_31","30967"
"Proc_31","30968"
"Proc_31","30969"
"Proc_31","30970"
"Proc_31","30971"
"Proc_31","30972"
"Proc_31","30973"
"Proc_31","30974"
"Proc_31","30975"
"Proc_38","18301"
"Proc_38","18302"
"Proc_38","18303"
"Proc_38","18304"
"Proc_38","18305"
"Proc_38","18306"
"Proc_38","18307"
"Proc_38","18308"
"Proc_38","18309"
"Proc_38","18310"
"Proc_38","18311"
"Proc_38","18312"
"Proc_38","18313"
"Proc_31","41404"
"Proc_31","41405"
"Proc_31","41406"
"Proc_31","41407"
"Proc_31","41408"
"Proc_31","41409"
"Proc_31","41410"
"Proc_31","41411"
"Proc_31","41412"
"Proc_31","41413"
"Proc_31","41414"
"Proc_31","41415"
"Proc_31","41416"
"Proc_31","41417"
"Proc_31","41418"
"Proc_31","41419"
"Proc_31","41420"
"Proc_31","41421"
"Proc_31","41422"
"Proc_31","41423"
"Proc_31","41424"
"Proc_31","41425"
"Proc_31","41426"
"Proc_31","41427"
"Proc_31","41428"
"Proc_31","41429"
"Proc_31","41430"
"Proc_31","41431"
"Proc_31","41432"
"Proc_31","41433"
"Proc_31","41434"
"Proc_31","41435"
"Proc_31","41436"
"Proc_31","41437"
"Proc_31","41438"
"Proc_31","41439"
"Proc_31","41440"
"Proc_31","41441"
"Proc_31","41442"
"Proc_31","41443"
"Proc_31","41444"
"Proc_39","28674"
"Proc_39","28675"
"Proc_39","28676"
"Proc_39","28677"
"Proc_39","28678"
"Proc_39","28679"
"Proc_39","28680"
"Proc_39","28681"
"Proc_39","28682"
"Proc_39","28683"
"Proc_39","28684"
"Proc_39","28685"
"Proc_39","28686"
"Proc_39","28687"
"Proc_39","28688"
"Proc_39","28689"
"Proc_39","28690"
"Proc_39","28691"
"Proc_39","28692"
"Proc_39","28693"
"Proc_39","28694"
"Proc_39","28695"
"Proc_39","28696"
"Proc_39","28697"
"Proc_39","28698"
"Proc_19","44496"
"Proc_19","44497"
"Proc_19","44498"
"Proc_19","44499"
"Proc_19","44500"
"Proc_19","44501"
"Proc_19","44502"
"Proc_19","44503"
"Proc_19","44504"
"Proc_19","44505"
"Proc_19","44506"
"Proc_19","44507"
"Proc_19","44508"
"Proc_19","44509"
"Proc_19","44510"
"Proc_19","44511"
"Proc_19","44512"
"Proc_19","44513"
"Proc_19","44514"
"Proc_19","44515"
"Proc_19","44516"
"Proc_19","44517"
"Proc_19","44518"
"Proc_19","44519"
"Proc_19","44520"
"Proc_19","44521"
"Proc_19","44522"
"Proc_19","44523"
"Proc_19","44524"
"Proc_19","44525"
"Proc_19","44526"
"Proc_19","44527"
"Proc_19","44528"
"Proc_19","44529"
"Proc_19","44530"
"Proc_19","44531"
"Proc_19","44532"
"Proc_19","44533"
"Proc_19","44534"
"Proc_19","44535"
"Proc_19","44536"
"Proc_19","44537"
"Proc_19","44538"
"Proc_19","44539"
"Proc_19","44540"
"Proc_19","44541"
"Proc_19","44542"
"Proc_19","44543"
"Proc_19","44544"
"Proc_19","44545"
"Proc_19","44546"
"Proc_19","44547"
"Proc_19","44548"
"Proc_19","44549"
"Proc_19","44550"
"Proc_19","44551"
"Proc_19","44552"
"Proc_19","44553"
"Proc_19","44554"
"Proc_19","44555"
"Proc_19","44556"
"Proc_3","36937"
"Proc_3","36938"
"Proc_3","36939"
"Proc_3","36940"
"Proc_3","36941"
"Proc_3","36942"
"Proc_3","36943"
"Proc_3","36944"
"Proc_3","36945"
"Proc_3","36946"
"Proc_3","36947"
"Proc_3","36948"
"Proc_3","36949"
"Proc_3","36950"
"Proc_3","36951"
"Proc_3","36952"
"Proc_3","36953"
"Proc_3","36954"
"Proc_3","36955"
"Proc_3","36956"
"Proc_3","36957"
"Proc_3","36958"
"Proc_3","36959"
"Proc_3","36960"
"Proc_3","36961"
"Proc_3","36962"
"Proc_3","36963"
"Proc_3","36964"
"Proc_3","36965"
"Proc_3","36966"
"Proc_3","36967"
"Proc_3","36968"
"Proc_3","36969"
"Proc_3","36970"
"Proc_3","36971"
"Proc_3","36972"
"Proc_3","36973"
"Proc_3","36974"
"Proc_3","36975"
"Proc_3","36976"
"Proc_3","36977"
"Proc_3","36978"
"Proc_3","36979"
"Proc_3","36980"
"Proc_3","36981"
"Proc_3","36982"
"Proc_3","36983"
"Proc_3","36984"
"Proc_3","36985"
"Proc_3","36986"
"Proc_3","36987"
"Proc_3","36988"
"Proc_3","36989"
"Proc_3","36990"
"Proc_3","36991"
"Proc_3","36992"
"Proc_3","36993"
"Proc_3","36994"
"Proc_3","36995"
"Proc_3","36996"
"Proc_3","36997"
"Proc_29","34548"
"Proc_29","34549"
"Proc_29","34550"
"Proc_29","34551"
"Proc_29","34552"
"Proc_29","34553"
"Proc_29","34554"
"Proc_29","34555"
"Proc_29","34556"
"Proc_29","34557"
"Proc_29","34558"
"Proc_29","34559"
"Proc_29","34560"
"Proc_29","34561"
"Proc_29","34562"
"Proc_29","34563"
"Proc_29","34564"
"Proc_29","34565"
"Proc_29","34566"
"Proc_29","34567"
"Proc_29","34568"
"Proc_29","34569"
"Proc_29","34570"
"Proc_29","34571"
"Proc_29","34572"
"Proc_29","34573"
"Proc_29","34574"
"Proc_29","34575"
"Proc_29","34576"
"Proc_29","34577"
"Proc_29","34578"
"Proc_29","34579"
"Proc_29","34580"
"Proc_29","34581"
"Proc_29","34582"
"Proc_29","34583"
"Proc_29","34584"
"Proc_29","34585"
"Proc_29","34586"
"Proc_29","34587"
"Proc_29","34588"
"Proc_29","34589"
"Proc_29","34590"
"Proc_29","34591"
"Proc_29","34592"
"Proc_29","34593"
"Proc_29","34594"
"Proc_29","34595"
"Proc_29","34596"
"Proc_29","34597"
"Proc_29","34598"
"Proc_29","34599"
"Proc_29","34600"
"Proc_29","34601"
"Proc_29","34602"
"Proc_29","34603"
"Proc_29","34604"
"Proc_29","34605"
"Proc_29","34606"
"Proc_29","34607"
"Proc_29","34608"
"Proc_29","34609"
"Proc_29","34610"
"Proc_29","34611"
"Proc_29","34612"
"Proc_29","34613"
"Proc_29","34614"
"Proc_29","34615"
"Proc_29","34616"
"Proc_29","34617"
"Proc_29","34618"
"Proc_29","34619"
"Proc_29","34620"
"Proc_29","34621"
"Proc_29","34622"
"Proc_29","34623"
"Proc_29","34624"
"Proc_29","34625"
"Proc_29","34626"
"Proc_29","34627"
"Proc_29","34628"
"Proc_29","34629"
"Proc_29","34630"
"Proc_29","34631"
"Proc_29","34632"
"Proc_29","34633"
"Proc_29","34634"
"Proc_29","34635"
"Proc_29","34636"
"Proc_29","34637"
"Proc_29","34638"
"Proc_29","34639"
"Proc_29","34640"
"Proc_29","34641"
"Proc_29","34642"
"Proc_29","34643"
"Proc_29","34644"
"Proc_29","34645"
"Proc_29","34646"
"Proc_29","34647"
"Proc_29","34648"
"Proc_29","34649"
"Proc_29","34650"
"Proc_29","34651"
"Proc_29","34652"
"Proc_29","34653"
"Proc_29","34654"
"Proc_29","34655"
"Proc_29","34656"
"Proc_29","34657"
"Proc_29","34658"
"Proc_29","34659"
"Proc_29","34660"
"Proc_29","34661"
"Proc_29","34662"
"Proc_2","47596"
"Proc_2","47597"
"Proc_2","47598"
"Proc_2","47599"
"Proc_2","47600"
"Proc_2","47601"
"Proc_2","47602"
"Proc_2","47603"
"Proc_2","47604"
"Proc_2","47605"
"Proc_2","47606"
"Proc_2","47607"
"Proc_2","47608"
"Proc_2","47609"
"Proc_2","47610"
"Proc_2","47611"
"Proc_2","47612"
"Proc_2","47613"
"Proc_2","47614"
"Proc_2","47615"
"Proc_2","47616"
"Proc_2","47617"
"Proc_2","47618"
"Proc_2","47619"
"Proc_2","47620"
"Proc_2","47621"
"Proc_2","74751"
"Proc_40","40004"
"Proc_40","40005"
"Proc_40","40006"
"Proc_40","40007"
"Proc_40","40008"
"Proc_40","40009"
"Proc_40","40010"
"Proc_40","40011"
"Proc_40","40012"
"Proc_40","40013"
"Proc_40","40014"
"Proc_40","40015"
"Proc_40","40016"
"Proc_40","40017"
"Proc_40","40018"
"Proc_40","40019"
"Proc_40","40020"
"Proc_20","28829"
"Proc_20","28830"
"Proc_20","28831"
"Proc_20","28832"
"Proc_20","28833"
"Proc_20","28834"
"Proc_20","28835"
"Proc_20","28836"
"Proc_20","28837"
"Proc_20","28838"
"Proc_20","28839"
"Proc_20","28840"
"Proc_20","28841"
"Proc_20","28842"
"Proc_20","28843"
"Proc_20","28844"
"Proc_20","28845"
"Proc_20","28846"
"Proc_20","28847"
"Proc_20","28848"
"Proc_20","28849"
"Proc_20","28850"
"Proc_20","28851"
"Proc_20","28852"
"Proc_20","28853"
"Proc_20","28854"
"Proc_20","28855"
"Proc_20","28856"
"Proc_20","28857"
"Proc_20","28858"
"Proc_20","28859"
"Proc_20","28860"
"Proc_20","28861"
"Proc_20","28862"
"Proc_20","28863"
"Proc_20","28864"
"Proc_20","28865"
"Proc_20","28866"
"Proc_41","18421"
"Proc_41","18422"
"Proc_41","18423"
"Proc_41","18424"
"Proc_41","18425"
"Proc_41","18426"
"Proc_41","18427"
"Proc_41","18428"
"Proc_41","18429"
"Proc_41","18430"
"Proc_41","18431"
"Proc_41","18432"
"Proc_41","18433"
"Proc_41","18434"
"Proc_41","18435"
"Proc_41","18436"
"Proc_41","18437"
"Proc_41","18438"
"Proc_41","18439"
"Proc_41","18440"
"Proc_41","18441"
"Proc_41","18442"
"Proc_41","18443"
"Proc_41","18444"
"Proc_41","18445"
"Proc_41","18446"
"Proc_41","18447"
"Proc_41","18448"
"Proc_41","18449"
"Proc_41","18450"
"Proc_41","18451"
"Proc_41","18452"
"Proc_41","18453"
"Proc_41","18454"
"Proc_41","18455"
"Proc_41","18456"
"Proc_41","18457"
"Proc_41","18458"
"Proc_41","18459"
"Proc_41","18460"
"Proc_41","18461"
"Proc_41","18462"
"Proc_41","18463"
"Proc_41","18464"
"Proc_41","18465"
"Proc_41","18466"
"Proc_41","18467"
"Proc_41","18468"
"Proc_41","18469"
"Proc_4","23608"
"Proc_4","23609"
"Proc_4","23610"
"Proc_4","23611"
"Proc_4","23612"
"Proc_4","23613"
"Proc_4","23614"
"Proc_4","23615"
"Proc_4","23616"
"Proc_4","23617"
"Proc_4","23618"
"Proc_4","23619"
"Proc_4","23620"
"Proc_4","23621"
"Proc_4","23622"
"Proc_4","23623"
"Proc_4","23624"
"Proc_4","23625"
"Proc_4","23626"
"Proc_4","23627"
"Proc_4","23628"
"Proc_4","23629"
"Proc_4","23630"
"Proc_4","23631"
"Proc_4","23632"
"Proc_4","23633"
"Proc_4","23634"
"Proc_4","23635"
"Proc_4","23636"
"Proc_4","23637"
"Proc_4","23638"
"Proc_4","23639"
"Proc_4","23640"
"Proc_4","23641"
"Proc_4","23642"
"Proc_4","23643"
"Proc_4","23644"
"Proc_4","23645"
"Proc_4","23646"
"Proc_4","23647"
"Proc_4","23648"
"Proc_4","23649"
"Proc_4","23650"
"Proc_4","23651"
"Proc_4","23652"
"Proc_4","23653"
"Proc_4","23654"
"Proc_4","23655"
"Proc_4","23656"
"Proc_4","23657"
"Proc_4","23658"
"Proc_4","23659"
"Proc_4","23660"
"Proc_4","23661"
"Proc_4","23662"
"Proc_4","23663"
"Proc_4","23664"
"Proc_4","23665"
"Proc_4","23666"
"Proc_4","23667"
"Proc_4","23668"
"Proc_4","23669"
"Proc_4","23670"
"Proc_4","23671"
"Proc_4","23672"
"Proc_4","23673"
"Proc_4","23674"
"Proc_4","23675"
"Proc_4","23676"
"Proc_4","23677"
"Proc_4","23678"
"Proc_4","23679"
"Proc_4","23680"
"Proc_4","23681"
"Proc_4","23682"
"Proc_4","23683"
"Proc_4","23684"
"Proc_4","23685"
"Proc_4","23686"
"Proc_4","23687"
"Proc_4","23688"
"Proc_4","23689"
"Proc_4","23690"
"Proc_4","23691"
"Proc_4","23692"
"Proc_4","23693"
"Proc_4","23694"
"Proc_4","23695"
"Proc_4","23696"
"Proc_4","23697"
"Proc_4","23698"
"Proc_4","23699"
"Proc_4","23700"
"Proc_4","23701"
"Proc_4","23702"
"Proc_4","23703"
"Proc_4","23704"
"Proc_4","23705"
"Proc_4","23706"
"Proc_4","23707"
"Proc_4","23708"
"Proc_4","23709"
"Proc_4","23710"
"Proc_4","23711"
"Proc_4","23712"
"Proc_4","23713"
"Proc_4","23714"
"Proc_4","23715"
"Proc_4","23716"
"Proc_4","23717"
"Proc_4","23718"
"Proc_4","23719"
"Proc_4","23720"
"Proc_4","23721"
"Proc_4","23722"
"Proc_4","23723"
"Proc_4","23724"
"Proc_4","23725"
"Proc_4","23726"
"Proc_4","23727"
"Proc_4","23728"
"Proc_4","23729"
"Proc_4","23730"
"Proc_4","23731"
"Proc_4","23732"
"Proc_4","23733"
"Proc_4","23734"
"Proc_4","23735"
"Proc_4","23736"
"Proc_4","23737"
"Proc_4","23738"
"Proc_4","23739"
"Proc_4","23740"
"Proc_4","23741"
"Proc_4","23742"
"Proc_4","23743"
"Proc_4","23744"
"Proc_4","23745"
"Proc_4","23746"
"Proc_4","23747"
"Proc_4","23748"
"Proc_4","23749"
"Proc_4","23750"
"Proc_4","23751"
"Proc_4","23752"
"Proc_4","23753"
"Proc_4","23754"
"Proc_4","23755"
"Proc_4","23756"
"Proc_4","23757"
"Proc_4","23758"
"Proc_4","23759"
"Proc_4","23760"
"Proc_4","23761"
"Proc_4","23762"
"Proc_4","23763"
"Proc_4","23764"
"Proc_4","23765"
"Proc_4","23766"
"Proc_4","23767"
"Proc_4","23768"
"Proc_4","23769"
"Proc_4","23770"
"Proc_4","23771"
"Proc_4","23772"
"Proc_4","23773"
"Proc_4","23774"
"Proc_4","23775"
"Proc_4","23776"
"Proc_4","23777"
"Proc_4","23778"
"Proc_4","23779"
"Proc_4","23780"
"Proc_4","23781"
"Proc_4","23782"
"Proc_4","23783"
"Proc_4","23784"
"Proc_4","23785"
"Proc_4","23786"
"Proc_4","23787"
"Proc_4","23788"
"Proc_4","23789"
"Proc_4","23790"
"Proc_4","23791"
"Proc_4","23792"
"Proc_4","23793"
"Proc_4","23794"
"Proc_4","23795"
"Proc_4","23796"
"Proc_4","23797"
"Proc_4","23798"
"Proc_4","23799"
"Proc_4","23800"
"Proc_4","23801"
"Proc_4","23802"
"Proc_4","23803"
"Proc_4","23804"
"Proc_4","23805"
"Proc_4","23806"
"Proc_4","23807"
"Proc_4","23808"
"Proc_4","23809"
"Proc_4","23810"
"Proc_4","23811"
"Proc_4","23812"
"Proc_4","23813"
"Proc_4","23814"
"Proc_4","23815"
"Proc_4","23816"
"Proc_4","23817"
"Proc_4","23818"
"Proc_4","23819"
"Proc_4","23820"
"Proc_4","23821"
"Proc_4","23822"
"Proc_4","23823"
"Proc_4","23824"
"Proc_4","23825"
"Proc_4","23826"
"Proc_4","23827"
"Proc_4","23828"
"Proc_4","23829"
"Proc_4","23830"
"Proc_4","23831"
"Proc_4","23832"
"Proc_4","23833"
"Proc_4","23834"
"Proc_4","23835"
"Proc_4","23836"
"Proc_4","23837"
"Proc_4","23838"
"Proc_4","23839"
"Proc_4","23840"
"Proc_4","23841"
"Proc_4","23842"
"Proc_4","23843"
"Proc_4","23844"
"Proc_4","23845"
"Proc_4","23846"
"Proc_4","23847"
"Proc_4","23848"
"Proc_4","23849"
"Proc_4","23850"
"Proc_4","23851"
"Proc_4","23852"
"Proc_4","23853"
"Proc_4","23854"
"Proc_4","23855"
"Proc_4","23856"
"Proc_4","23857"
"Proc_4","23858"
"Proc_4","23859"
"Proc_4","23860"
"Proc_4","23861"
"Proc_4","23862"
"Proc_4","23863"
"Proc_4","23864"
"Proc_4","23865"
"Proc_4","23866"
"Proc_4","23867"
"Proc_4","23868"
"Proc_4","23869"
"Proc_4","23870"
"Proc_4","23871"
"Proc_4","23872"
"Proc_4","23873"
"Proc_4","23874"
"Proc_4","23875"
"Proc_4","23876"
"Proc_4","23877"
"Proc_4","23878"
"Proc_4","23879"
"Proc_4","23880"
"Proc_4","23881"
"Proc_4","23882"
"Proc_4","23883"
"Proc_4","23884"
"Proc_4","23885"
"Proc_4","23886"
"Proc_4","23887"
"Proc_4","23888"
"Proc_4","23889"
"Proc_4","23890"
"Proc_4","23891"
"Proc_4","23892"
"Proc_4","23893"
"Proc_4","23894"
"Proc_4","23895"
"Proc_4","23896"
"Proc_4","23897"
"Proc_4","23898"
"Proc_4","23899"
"Proc_4","23900"
"Proc_4","23901"
"Proc_4","23902"
"Proc_4","23903"
"Proc_4","23904"
"Proc_4","23905"
"Proc_4","23906"
"Proc_4","23907"
"Proc_4","23908"
"Proc_4","23909"
"Proc_4","23910"
"Proc_4","23911"
"Proc_4","23912"
"Proc_4","23913"
"Proc_4","23914"
"Proc_4","23915"
"Proc_4","23916"
"Proc_4","23917"
"Proc_4","23918"
"Proc_4","23919"
"Proc_4","23920"
"Proc_4","23921"
"Proc_4","23922"
"Proc_4","23923"
"Proc_4","23924"
"Proc_4","23925"
"Proc_4","23926"
"Proc_4","23927"
"Proc_4","23928"
"Proc_4","23929"
"Proc_4","23930"
"Proc_4","23931"
"Proc_4","23932"
"Proc_4","23933"
"Proc_4","23934"
"Proc_4","23935"
"Proc_4","23936"
"Proc_4","23937"
"Proc_4","23938"
"Proc_4","23939"
"Proc_4","23940"
"Proc_4","23941"
"Proc_4","23942"
"Proc_4","23943"
"Proc_4","23944"
"Proc_4","23945"
"Proc_4","23946"
"Proc_4","23947"
"Proc_4","23948"
"Proc_4","23949"
"Proc_4","23950"
"Proc_4","23951"
"Proc_4","23952"
"Proc_4","23953"
"Proc_4","23954"
"Proc_4","23955"
"Proc_4","23956"
"Proc_35","90931"
"Proc_35","90932"
"Proc_35","90933"
"Proc_35","90934"
"Proc_35","90935"
"Proc_35","90936"
"Proc_35","90937"
"Proc_35","90938"
"Proc_35","90939"
"Proc_35","90940"
"Proc_35","90941"
"Proc_35","90942"
"Proc_35","90943"
"Proc_35","90944"
"Proc_35","90945"
"Proc_35","90946"
"Proc_35","90947"
"Proc_35","90948"
"Proc_35","91309"
"Proc_35","91310"
"Proc_35","91311"
"Proc_35","91312"
"Proc_42","40190"
"Proc_42","40191"
"Proc_42","40192"
"Proc_42","40193"
"Proc_42","40194"
"Proc_42","40195"
"Proc_42","40196"
"Proc_42","40197"
"Proc_42","40198"
"Proc_42","40199"
"Proc_42","40200"
"Proc_42","40201"
"Proc_42","40202"
"Proc_42","40203"
"Proc_42","40204"
"Proc_42","40205"
"Proc_42","40206"
"Proc_42","40207"
"Proc_43","47813"
"Proc_43","47814"
"Proc_43","47815"
"Proc_43","47816"
"Proc_43","47817"
"Proc_43","47819"
"Proc_43","47820"
"Proc_43","47821"
"Proc_43","47822"
"Proc_43","47824"
"Proc_43","47825"
"Proc_43","47826"
"Proc_43","47827"
"Proc_43","47828"
"Proc_43","47829"
"Proc_43","47830"
"Proc_43","47831"
"Proc_43","47832"
"Proc_43","73974"
"Proc_43","73975"
"Proc_43","73976"
"Proc_43","73977"
"Proc_43","73978"
"Proc_43","73979"
"Proc_43","73980"
"Proc_43","73981"
"Proc_43","73982"
"Proc_43","73983"
"Proc_43","74113"
"Proc_25","21452"
"Proc_25","21453"
"Proc_25","21454"
"Proc_25","21455"
"Proc_25","21456"
"Proc_25","21457"
"Proc_25","21458"
"Proc_25","21459"
"Proc_25","21460"
"Proc_25","21461"
"Proc_25","21462"
"Proc_25","21463"
"Proc_25","21464"
"Proc_25","21465"
"Proc_25","21466"
"Proc_25","21467"
"Proc_25","21468"
"Proc_25","21469"
"Proc_25","21470"
"Proc_25","21471"
"Proc_25","21472"
"Proc_25","21473"
"Proc_25","21474"
"Proc_25","21475"
"Proc_25","21476"
"Proc_25","21477"
"Proc_25","21478"
"Proc_25","21479"
"Proc_25","21480"
"Proc_25","21481"
"Proc_25","21482"
"Proc_25","21483"
"Proc_25","21484"
"Proc_25","21485"
"Proc_25","21486"
"Proc_25","21487"
"Proc_25","21488"
"Proc_25","21489"
"Proc_25","21490"
"Proc_25","21491"
"Proc_25","21492"
"Proc_25","21493"
"Proc_25","21494"
"Proc_25","21495"
"Proc_25","21496"
"Proc_25","21497"
"Proc_25","21498"
"Proc_25","21499"
"Proc_25","21500"
"Proc_25","21501"
"Proc_25","21502"
"Proc_25","21503"
"Proc_25","21504"
"Proc_25","21505"
"Proc_25","21506"
"Proc_24","67252"
"Proc_24","67253"
"Proc_24","67254"
"Proc_24","67255"
"Proc_24","67256"
"Proc_24","67257"
"Proc_24","67258"
"Proc_24","67259"
"Proc_24","67260"
"Proc_24","67261"
"Proc_24","67262"
"Proc_24","67263"
"Proc_24","67264"
"Proc_24","67265"
"Proc_24","67266"
"Proc_24","67267"
"Proc_24","67268"
"Proc_44","7636"
"Proc_44","7637"
"Proc_44","7638"
"Proc_44","7639"
"Proc_44","7640"
"Proc_44","7641"
"Proc_44","7642"
"Proc_44","7643"
"Proc_44","7644"
"Proc_25","37378"
"Proc_25","37379"
"Proc_25","37380"
"Proc_25","37381"
"Proc_25","37382"
"Proc_25","37383"
"Proc_25","37384"
"Proc_25","37385"
"Proc_25","37386"
"Proc_25","37387"
"Proc_25","37388"
"Proc_25","37389"
"Proc_25","37390"
"Proc_25","37391"
"Proc_25","37392"
"Proc_25","37393"
"Proc_25","37394"
"Proc_25","37395"
"Proc_25","37396"
"Proc_25","37397"
"Proc_25","37398"
"Proc_25","37399"
"Proc_25","37400"
"Proc_25","37401"
"Proc_25","37402"
"Proc_25","37403"
"Proc_25","37404"
"Proc_25","37405"
"Proc_25","37406"
"Proc_25","37407"
"Proc_25","37408"
"Proc_25","37409"
"Proc_25","37410"
"Proc_25","37411"
"Proc_25","37412"
"Proc_25","37413"
"Proc_25","37414"
"Proc_25","37415"
"Proc_25","37416"
"Proc_25","37417"
"Proc_25","37418"
"Proc_25","37419"
"Proc_25","37420"
"Proc_25","37421"
"Proc_25","37422"
"Proc_25","37423"
"Proc_25","37424"
"Proc_25","37425"
"Proc_25","37426"
"Proc_25","37427"
"Proc_25","37428"
"Proc_25","37429"
"Proc_25","37430"
"Proc_25","37431"
"Proc_25","37432"
"Proc_25","37433"
"Proc_25","37434"
"Proc_25","37435"
"Proc_6","41908"
"Proc_6","41909"
"Proc_6","41910"
"Proc_6","41911"
"Proc_6","41912"
"Proc_6","41913"
"Proc_6","41914"
"Proc_6","41915"
"Proc_6","41916"
"Proc_6","41917"
"Proc_6","41918"
"Proc_6","41919"
"Proc_6","41920"
"Proc_6","41921"
"Proc_6","41922"
"Proc_6","41923"
"Proc_6","41924"
"Proc_6","41925"
"Proc_6","41926"
"Proc_6","41927"
"Proc_6","41928"
"Proc_6","41929"
"Proc_6","41930"
"Proc_6","41931"
"Proc_6","41932"
"Proc_6","41933"
"Proc_6","41934"
"Proc_6","41935"
"Proc_6","41936"
"Proc_6","41937"
"Proc_6","41938"
"Proc_6","41939"
"Proc_6","41940"
"Proc_6","41941"
"Proc_6","41942"
"Proc_6","41943"
"Proc_6","41944"
"Proc_6","41945"
"Proc_6","41946"
"Proc_6","41947"
"Proc_6","41948"
"Proc_6","41949"
"Proc_6","41950"
"Proc_6","41951"
"Proc_6","41952"
"Proc_6","41953"
"Proc_6","41954"
"Proc_6","41955"
"Proc_6","41956"
"Proc_6","41957"
"Proc_6","41958"
"Proc_6","41959"
"Proc_6","41960"
"Proc_6","41961"
"Proc_45","18547"
"Proc_45","18548"
"Proc_45","18549"
"Proc_45","18550"
"Proc_45","18551"
"Proc_45","18552"
"Proc_45","18553"
"Proc_45","18554"
"Proc_45","18555"
"Proc_45","18556"
"Proc_45","18557"
"Proc_45","18558"
"Proc_45","18559"
"Proc_45","18560"
"Proc_45","18561"
"Proc_45","18562"
"Proc_45","18563"
"Proc_45","18564"
"Proc_45","18565"
"Proc_45","18566"
"Proc_45","18567"
"Proc_45","18568"
"Proc_45","18569"
"Proc_45","18570"
"Proc_45","18571"
"Proc_45","18572"
"Proc_45","18573"
"Proc_45","18574"
"Proc_45","18575"
"Proc_45","18576"
"Proc_45","18577"
"Proc_45","18578"
"Proc_45","18579"
"Proc_45","18580"
"Proc_45","18581"
"Proc_45","18582"
"Proc_45","18583"
"Proc_45","18584"
"Proc_45","18585"
"Proc_45","18586"
"Proc_45","18587"
"Proc_45","18588"
"Proc_45","18589"
"Proc_45","18590"
"Proc_45","18591"
"Proc_45","18592"
"Proc_45","18593"
"Proc_45","18594"
"Proc_45","18595"
"Proc_45","18596"
"Proc_45","18597"
"Proc_45","18598"
"Proc_45","18599"
"Proc_45","18600"
"Proc_20","35564"
"Proc_20","35565"
"Proc_20","35566"
"Proc_20","35567"
"Proc_20","35568"
"Proc_20","35569"
"Proc_20","35570"
"Proc_20","35571"
"Proc_20","35572"
"Proc_20","35573"
"Proc_20","35574"
"Proc_20","35575"
"Proc_20","35576"
"Proc_20","35577"
"Proc_20","35578"
"Proc_20","35579"
"Proc_20","35580"
"Proc_20","35581"
"Proc_20","35582"
"Proc_20","35583"
"Proc_20","35584"
"Proc_20","35585"
"Proc_20","35586"
"Proc_20","35587"
"Proc_20","35588"
"Proc_20","35589"
"Proc_20","35590"
"Proc_20","35591"
"Proc_20","35592"
"Proc_20","35593"
"Proc_20","35594"
"Proc_20","35595"
"Proc_20","35596"
"Proc_20","35597"
"Proc_20","35598"
"Proc_20","35599"
"Proc_20","35600"
"Proc_20","35601"
"Proc_20","35602"
"Proc_1","21861"
"Proc_1","21862"
"Proc_1","21863"
"Proc_1","21864"
"Proc_1","21865"
"Proc_1","21866"
"Proc_1","21867"
"Proc_1","21868"
"Proc_1","21869"
"Proc_1","21870"
"Proc_1","21871"
"Proc_1","21872"
"Proc_1","21873"
"Proc_1","21874"
"Proc_1","21875"
"Proc_1","21876"
"Proc_1","21877"
"Proc_1","21878"
"Proc_1","21879"
"Proc_1","21880"
"Proc_1","21881"
"Proc_1","21882"
"Proc_45","29207"
"Proc_45","29208"
"Proc_45","29209"
"Proc_45","29210"
"Proc_45","29211"
"Proc_45","29212"
"Proc_45","29213"
"Proc_45","29214"
"Proc_45","29215"
"Proc_45","29216"
"Proc_45","29217"
"Proc_45","29218"
"Proc_45","29219"
"Proc_45","29220"
"Proc_45","29221"
"Proc_45","29222"
"Proc_45","29223"
"Proc_45","29224"
"Proc_45","29225"
"Proc_45","29226"
"Proc_45","29227"
"Proc_45","29228"
"Proc_45","29229"
"Proc_45","29230"
"Proc_45","29231"
"Proc_45","29232"
"Proc_45","29233"
"Proc_45","29234"
"Proc_45","29235"
"Proc_45","29236"
"Proc_45","29237"
"Proc_45","29238"
"Proc_45","29239"
"Proc_45","29240"
"Proc_45","29241"
"Proc_45","29242"
"Proc_45","29243"
"Proc_45","29244"
"Proc_45","29245"
"Proc_45","29246"
"Proc_45","29247"
"Proc_45","29248"
"Proc_45","29249"
"Proc_45","29250"
"Proc_45","29251"
"Proc_45","29252"
"Proc_45","29253"
"Proc_45","29254"
"Proc_45","29255"
"Proc_45","29256"
"Proc_45","29257"
"Proc_45","29258"
"Proc_45","29259"
"Proc_46","27185"
"Proc_46","27186"
"Proc_46","27187"
"Proc_46","27188"
"Proc_46","27189"
"Proc_46","27190"
"Proc_46","27191"
"Proc_46","27192"
"Proc_6","42223"
"Proc_6","42224"
"Proc_6","42225"
"Proc_6","42226"
"Proc_6","42227"
"Proc_6","42228"
"Proc_6","42229"
"Proc_6","42230"
"Proc_6","42231"
"Proc_6","42232"
"Proc_6","42233"
"Proc_6","42234"
"Proc_6","42235"
"Proc_6","42236"
"Proc_6","42237"
"Proc_6","42238"
"Proc_6","42239"
"Proc_6","42240"
"Proc_6","42241"
"Proc_6","42242"
"Proc_6","42243"
"Proc_6","42244"
"Proc_6","42245"
"Proc_6","42246"
"Proc_6","42247"
"Proc_6","42248"
"Proc_6","42249"
"Proc_6","42250"
"Proc_6","42251"
"Proc_6","42252"
"Proc_6","42253"
"Proc_6","42254"
"Proc_6","42255"
"Proc_6","42256"
"Proc_6","42257"
"Proc_6","42258"
"Proc_6","42259"
"Proc_6","42260"
"Proc_6","42261"
"Proc_6","42262"
"Proc_6","42263"
"Proc_6","42264"
"Proc_6","42265"
"Proc_6","42266"
"Proc_6","42267"
"Proc_6","42268"
"Proc_6","42269"
"Proc_6","42270"
"Proc_6","42271"
"Proc_6","42272"
"Proc_6","42273"
"Proc_6","42274"
"Proc_6","42275"
"Proc_6","42276"
"Proc_6","42277"
"Proc_11","16825"
"Proc_11","16826"
"Proc_11","16827"
"Proc_11","16828"
"Proc_11","16829"
"Proc_11","16830"
"Proc_11","16831"
"Proc_11","16832"
"Proc_11","16833"
"Proc_11","16834"
"Proc_11","16835"
"Proc_11","16836"
"Proc_11","16837"
"Proc_11","16838"
"Proc_11","16839"
"Proc_11","16840"
"Proc_11","16841"
"Proc_11","16842"
"Proc_11","16843"
"Proc_11","16844"
"Proc_11","16845"
"Proc_11","16846"
"Proc_11","16847"
"Proc_11","16848"
"Proc_11","16849"
"Proc_11","16850"
"Proc_11","16851"
"Proc_11","16852"
"Proc_11","16853"
"Proc_11","16854"
"Proc_11","16855"
"Proc_11","16856"
"Proc_11","16857"
"Proc_11","16858"
"Proc_11","16859"
"Proc_11","16860"
"Proc_11","16861"
"Proc_11","16862"
"Proc_11","16863"
"Proc_11","16864"
"Proc_11","16865"
"Proc_11","16866"
"Proc_11","16867"
"Proc_11","16868"
"Proc_11","16869"
"Proc_11","16870"
"Proc_11","16871"
"Proc_11","16872"
"Proc_11","16873"
"Proc_11","16874"
"Proc_11","16875"
"Proc_11","16876"
"Proc_11","16877"
"Proc_11","16878"
"Proc_11","16879"
"Proc_11","16880"
"Proc_11","16881"
"Proc_11","16882"
"Proc_11","16883"
"Proc_11","16884"
"Proc_11","16885"
"Proc_11","16886"
"Proc_11","16887"
"Proc_11","16888"
"Proc_11","16889"
"Proc_11","16890"
"Proc_11","16891"
"Proc_11","16892"
"Proc_11","16893"
"Proc_11","16894"
"Proc_11","16895"
"Proc_11","16896"
"Proc_11","16897"
"Proc_11","16898"
"Proc_11","16899"
"Proc_11","16900"
"Proc_11","16901"
"Proc_11","16902"
"Proc_11","16903"
"Proc_11","16904"
"Proc_11","16905"
"Proc_11","16906"
"Proc_11","16907"
"Proc_11","16908"
"Proc_11","16909"
"Proc_11","16910"
"Proc_11","16911"
"Proc_47","18988"
"Proc_47","18989"
"Proc_47","18990"
"Proc_47","18991"
"Proc_47","18992"
"Proc_47","18993"
"Proc_47","18994"
"Proc_47","18995"
"Proc_47","18996"
"Proc_47","18997"
"Proc_47","18998"
"Proc_47","18999"
"Proc_47","19000"
"Proc_47","19001"
"Proc_47","19002"
"Proc_47","19003"
"Proc_47","19004"
"Proc_47","19005"
"Proc_48","40345"
"Proc_48","40346"
"Proc_48","40347"
"Proc_48","40348"
"Proc_48","40349"
"Proc_48","40350"
"Proc_48","40351"
"Proc_48","40352"
"Proc_48","40353"
"Proc_48","40354"
"Proc_48","40355"
"Proc_48","40356"
"Proc_48","40357"
"Proc_48","40358"
"Proc_48","40359"
"Proc_48","40360"
"Proc_48","40361"
"Proc_48","40362"
"Proc_4","47968"
"Proc_4","47969"
"Proc_4","47970"
"Proc_4","47971"
"Proc_4","47972"
"Proc_4","47973"
"Proc_4","47974"
"Proc_4","47975"
"Proc_4","47976"
"Proc_4","47977"
"Proc_4","47978"
"Proc_4","47979"
"Proc_4","47980"
"Proc_4","47981"
"Proc_4","47982"
"Proc_4","47983"
"Proc_4","47984"
"Proc_4","47985"
"Proc_4","47986"
"Proc_4","47987"
"Proc_4","47988"
"Proc_4","47989"
"Proc_4","47990"
"Proc_4","47991"
"Proc_4","47992"
"Proc_4","47993"
"Proc_4","47994"
"Proc_4","47995"
"Proc_4","47996"
"Proc_4","47997"
"Proc_4","47998"
"Proc_4","47999"
"Proc_4","48000"
"Proc_4","48001"
"Proc_4","48002"
"Proc_4","48003"
"Proc_4","48004"
"Proc_4","48005"
"Proc_4","48006"
"Proc_4","48007"
"Proc_4","48008"
"Proc_4","48009"
"Proc_4","48010"
"Proc_4","48011"
"Proc_4","48012"
"Proc_4","48013"
"Proc_4","48014"
"Proc_4","48015"
"Proc_4","48016"
"Proc_4","48017"
"Proc_4","48018"
"Proc_4","48019"
"Proc_4","48020"
"Proc_4","48021"
"Proc_4","48022"
"Proc_4","48023"
"Proc_4","48024"
"Proc_4","48025"
"Proc_4","48026"
"Proc_4","48027"
"Proc_4","48028"
"Proc_4","48029"
"Proc_4","48030"
"Proc_4","48031"
"Proc_4","48032"
"Proc_4","48033"
"Proc_4","48034"
"Proc_4","48035"
"Proc_4","48036"
"Proc_4","48037"
"Proc_4","48038"
"Proc_4","48039"
"Proc_4","48040"
"Proc_4","48041"
"Proc_4","48042"
"Proc_4","48043"
"Proc_4","48044"
"Proc_4","48045"
"Proc_4","48046"
"Proc_4","48047"
"Proc_4","48048"
"Proc_4","48049"
"Proc_4","48050"
"Proc_4","48051"
"Proc_4","48052"
"Proc_4","48053"
"Proc_4","48054"
"Proc_4","48055"
"Proc_4","48056"
"Proc_4","48057"
"Proc_4","48058"
"Proc_4","48059"
"Proc_4","48060"
"Proc_4","48061"
"Proc_4","48062"
"Proc_4","48063"
"Proc_4","48064"
"Proc_4","48065"
"Proc_4","48066"
"Proc_4","48067"
"Proc_4","48068"
"Proc_4","48069"
"Proc_4","48070"
"Proc_4","48071"
"Proc_4","48072"
"Proc_4","48073"
"Proc_4","48074"
"Proc_4","48075"
"Proc_4","48076"
"Proc_4","48077"
"Proc_4","48078"
"Proc_4","48079"
"Proc_4","48080"
"Proc_4","48081"
"Proc_4","48082"
"Proc_4","48083"
"Proc_4","48084"
"Proc_4","48085"
"Proc_4","48086"
"Proc_4","48087"
"Proc_4","48088"
"Proc_4","48089"
"Proc_4","48090"
"Proc_4","48091"
"Proc_4","48092"
"Proc_4","48093"
"Proc_4","48094"
"Proc_4","48095"
"Proc_4","48096"
"Proc_4","48097"
"Proc_4","48098"
"Proc_4","48099"
"Proc_4","48100"
"Proc_4","48101"
"Proc_4","48102"
"Proc_4","48103"
"Proc_4","48104"
"Proc_4","48105"
"Proc_4","48106"
"Proc_4","48107"
"Proc_4","48108"
"Proc_4","48109"
"Proc_4","48110"
"Proc_4","48111"
"Proc_4","48112"
"Proc_4","48113"
"Proc_4","48114"
"Proc_4","48115"
"Proc_4","48116"
"Proc_4","48117"
"Proc_4","48118"
"Proc_4","48119"
"Proc_4","48120"
"Proc_4","48121"
"Proc_4","48122"
"Proc_4","48123"
"Proc_4","48124"
"Proc_4","48125"
"Proc_4","48126"
"Proc_4","48127"
"Proc_4","48128"
"Proc_4","48129"
"Proc_4","48130"
"Proc_4","48131"
"Proc_4","48132"
"Proc_4","48133"
"Proc_4","48134"
"Proc_4","48135"
"Proc_4","48136"
"Proc_4","48137"
"Proc_4","48138"
"Proc_4","48139"
"Proc_4","48140"
"Proc_4","48141"
"Proc_4","48142"
"Proc_4","48143"
"Proc_4","48144"
"Proc_4","48145"
"Proc_4","48146"
"Proc_4","48147"
"Proc_4","48148"
"Proc_4","48149"
"Proc_4","48150"
"Proc_4","48151"
"Proc_4","48152"
"Proc_4","48153"
"Proc_4","48154"
"Proc_4","48155"
"Proc_4","48156"
"Proc_4","48157"
"Proc_4","48158"
"Proc_4","48159"
"Proc_4","48160"
"Proc_4","48161"
"Proc_4","48162"
"Proc_4","48163"
"Proc_4","48164"
"Proc_4","48165"
"Proc_4","48166"
"Proc_4","48167"
"Proc_4","48168"
"Proc_4","48169"
"Proc_4","48170"
"Proc_4","48171"
"Proc_4","48172"
"Proc_4","48173"
"Proc_4","48174"
"Proc_4","48175"
"Proc_4","48176"
"Proc_4","48177"
"Proc_4","48178"
"Proc_4","48179"
"Proc_4","48180"
"Proc_4","48181"
"Proc_4","48182"
"Proc_4","48183"
"Proc_4","48184"
"Proc_4","48185"
"Proc_4","48186"
"Proc_4","48187"
"Proc_4","48188"
"Proc_4","48189"
"Proc_4","48190"
"Proc_4","48191"
"Proc_4","48192"
"Proc_4","48193"
"Proc_4","48194"
"Proc_4","48195"
"Proc_4","48196"
"Proc_4","48197"
"Proc_4","48198"
"Proc_4","48199"
"Proc_4","48200"
"Proc_4","48201"
"Proc_4","48202"
"Proc_4","48203"
"Proc_4","48204"
"Proc_4","48205"
"Proc_4","48206"
"Proc_4","48207"
"Proc_4","48208"
"Proc_4","48209"
"Proc_4","48210"
"Proc_4","48211"
"Proc_4","48212"
"Proc_4","48213"
"Proc_4","48214"
"Proc_4","48215"
"Proc_4","48216"
"Proc_4","48217"
"Proc_4","48218"
"Proc_4","48219"
"Proc_4","48220"
"Proc_4","48221"
"Proc_4","48222"
"Proc_4","48223"
"Proc_4","48224"
"Proc_4","48225"
"Proc_4","48226"
"Proc_4","48227"
"Proc_4","48228"
"Proc_4","48229"
"Proc_4","48230"
"Proc_4","48231"
"Proc_4","48232"
"Proc_4","48233"
"Proc_4","48234"
"Proc_4","48235"
"Proc_4","48236"
"Proc_4","48237"
"Proc_4","48238"
"Proc_4","48239"
"Proc_4","48240"
"Proc_4","48241"
"Proc_4","48242"
"Proc_4","48243"
"Proc_4","48244"
"Proc_4","48245"
"Proc_4","48246"
"Proc_4","48247"
"Proc_4","48248"
"Proc_4","48249"
"Proc_4","48250"
"Proc_4","48251"
"Proc_4","48252"
"Proc_4","48253"
"Proc_4","48254"
"Proc_4","48255"
"Proc_4","48256"
"Proc_4","48257"
"Proc_4","48258"
"Proc_4","48259"
"Proc_4","48260"
"Proc_4","48261"
"Proc_4","48262"
"Proc_4","48263"
"Proc_4","48264"
"Proc_4","48265"
"Proc_4","48266"
"Proc_4","48267"
"Proc_4","48268"
"Proc_4","48269"
"Proc_4","48270"
"Proc_4","48271"
"Proc_4","48272"
"Proc_4","48273"
"Proc_4","48274"
"Proc_4","48275"
"Proc_4","48276"
"Proc_4","48277"
"Proc_4","48278"
"Proc_4","48279"
"Proc_4","48280"
"Proc_4","48281"
"Proc_4","48282"
"Proc_4","48283"
"Proc_4","48284"
"Proc_4","48285"
"Proc_4","48286"
"Proc_4","48287"
"Proc_4","48288"
"Proc_4","48289"
"Proc_4","48290"
"Proc_4","48291"
"Proc_4","48292"
"Proc_4","48293"
"Proc_4","48294"
"Proc_4","48295"
"Proc_4","48296"
"Proc_4","48297"
"Proc_4","48298"
"Proc_4","48299"
"Proc_4","48300"
"Proc_4","48301"
"Proc_4","48302"
"Proc_4","48303"
"Proc_4","48304"
"Proc_4","48305"
"Proc_4","48306"
"Proc_4","48307"
"Proc_4","48308"
"Proc_4","48309"
"Proc_4","48310"
"Proc_4","48311"
"Proc_4","48312"
"Proc_4","48313"
"Proc_4","48314"
"Proc_4","48315"
"Proc_4","48316"
"Proc_30","31377"
"Proc_30","31378"
"Proc_30","31379"
"Proc_30","31380"
"Proc_30","31381"
"Proc_30","31382"
"Proc_30","31383"
"Proc_30","31384"
"Proc_30","31385"
"Proc_30","31386"
"Proc_30","31387"
"Proc_30","31388"
"Proc_30","31389"
"Proc_30","31390"
"Proc_30","31391"
"Proc_30","31392"
"Proc_30","31393"
"Proc_30","31394"
"Proc_30","31395"
"Proc_30","31396"
"Proc_30","31397"
"Proc_30","31398"
"Proc_30","31399"
"Proc_30","31400"
"Proc_30","31401"
"Proc_30","31402"
"Proc_30","31403"
"Proc_30","31404"
"Proc_30","31405"
"Proc_30","31406"
"Proc_30","31407"
"Proc_30","31408"
"Proc_30","31409"
"Proc_23","44811"
"Proc_23","44812"
"Proc_23","44813"
"Proc_23","44814"
"Proc_23","44815"
"Proc_23","44816"
"Proc_23","44817"
"Proc_23","44818"
"Proc_23","44819"
"Proc_23","44820"
"Proc_23","44821"
"Proc_23","44822"
"Proc_23","44823"
"Proc_23","44824"
"Proc_23","44825"
"Proc_23","44826"
"Proc_23","44827"
"Proc_23","44828"
"Proc_23","44829"
"Proc_23","44830"
"Proc_23","44831"
"Proc_23","44832"
"Proc_23","44833"
"Proc_23","44834"
"Proc_23","44835"
"Proc_23","44836"
"Proc_23","44837"
"Proc_23","44838"
"Proc_23","44839"
"Proc_23","44840"
"Proc_23","44841"
"Proc_23","44842"
"Proc_23","44843"
"Proc_23","44844"
"Proc_23","44845"
"Proc_23","44846"
"Proc_23","44847"
"Proc_23","44848"
"Proc_23","44849"
"Proc_23","44850"
"Proc_23","44851"
"Proc_23","44852"
"Proc_23","44853"
"Proc_23","44854"
"Proc_23","44855"
"Proc_23","44856"
"Proc_23","44857"
"Proc_23","44858"
"Proc_23","44859"
"Proc_23","44860"
"Proc_23","44861"
"Proc_23","44862"
"Proc_23","44863"
"Proc_23","44864"
"Proc_23","44865"
"Proc_23","44866"
"Proc_23","44867"
"Proc_23","44868"
"Proc_23","44869"
"Proc_23","44870"
"Proc_23","44871"
"Proc_23","44872"
"Proc_23","44873"
"Proc_23","44874"
"Proc_23","44875"
"Proc_23","44876"
"Proc_23","44877"
"Proc_23","44878"
"Proc_23","44879"
"Proc_23","44880"
"Proc_23","44881"
"Proc_23","44882"
"Proc_23","44883"
"Proc_23","44884"
"Proc_23","44885"
"Proc_49","36068"
"Proc_49","36069"
"Proc_49","36070"
"Proc_49","36071"
"Proc_49","36072"
"Proc_49","36073"
"Proc_49","36074"
"Proc_49","36075"
"Proc_49","36076"
"Proc_49","36077"
"Proc_49","36078"
"Proc_49","36079"
"Proc_49","36080"
"Proc_49","36081"
"Proc_49","36082"
"Proc_49","36083"
"Proc_49","36084"
"Proc_49","36085"
"Proc_49","36086"
"Proc_49","36087"
"Proc_49","36088"
"Proc_49","36089"
"Proc_49","36090"
"Proc_49","36091"
"Proc_49","36092"
"Proc_49","36093"
"Proc_49","36094"
"Proc_50","17587"
"Proc_50","17588"
"Proc_50","17589"
"Proc_50","17590"
"Proc_50","17591"
"Proc_50","17592"
"Proc_50","17593"
"Proc_50","17594"
"Proc_50","17595"
"Proc_50","17596"
"Proc_50","17597"
"Proc_50","17598"
"Proc_50","17599"
"Proc_50","17600"
"Proc_15","45446"
"Proc_15","45447"
"Proc_15","45448"
"Proc_15","45449"
"Proc_15","45450"
"Proc_15","45451"
"Proc_15","45452"
"Proc_15","45453"
"Proc_15","45454"
"Proc_15","45455"
"Proc_15","45456"
"Proc_15","45457"
"Proc_15","45458"
"Proc_15","45459"
"Proc_15","45460"
"Proc_15","45461"
"Proc_15","45462"
"Proc_15","45463"
"Proc_15","45464"
"Proc_15","45465"
"Proc_15","45466"
"Proc_15","45467"
"Proc_15","45468"
"Proc_15","45469"
"Proc_15","45470"
"Proc_15","45471"
"Proc_15","45472"
"Proc_15","45473"
"Proc_15","45474"
"Proc_15","45475"
"Proc_15","45476"
"Proc_15","45477"
"Proc_15","45478"
"Proc_15","45479"
"Proc_15","45480"
"Proc_15","45481"
"Proc_15","45482"
"Proc_15","45483"
"Proc_15","45484"
"Proc_15","45485"
"Proc_15","45486"
"Proc_15","45487"
"Proc_15","45488"
"Proc_15","45489"
"Proc_15","45490"
"Proc_15","45491"
"Proc_15","45492"
"Proc_15","45493"
"Proc_15","45494"
"Proc_15","90846"
"Proc_51","40531"
"Proc_51","40532"
"Proc_51","40533"
"Proc_51","40534"
"Proc_51","40535"
"Proc_51","40536"
"Proc_51","40537"
"Proc_51","40538"
"Proc_51","40539"
"Proc_51","40540"
"Proc_51","40541"
"Proc_51","40542"
"Proc_51","40543"
"Proc_51","40544"
"Proc_51","40545"
"Proc_51","40546"
"Proc_51","40547"
"Proc_51","40548"
